datetime,open,high,low,close,volume,adj_close
2017-08-17 04:00:00,4261.48,4261.48,4261.48,4261.48,1.775183,4261.48
2017-08-17 04:01:00,4261.48,4261.48,4261.48,4261.48,0.0,4261.48
2017-08-17 04:02:00,4280.56,4280.56,4280.56,4280.56,0.261074,4280.56
2017-08-17 04:03:00,4261.48,4261.48,4261.48,4261.48,0.012008,4261.48
2017-08-17 04:04:00,4261.48,4261.48,4261.48,4261.48,0.140796,4261.48
2017-08-17 04:05:00,4261.48,4261.48,4261.48,4261.48,0.0,4261.48
2017-08-17 04:06:00,4261.48,4261.48,4261.48,4261.48,0.0,4261.48
2017-08-17 04:07:00,4261.48,4261.48,4261.48,4261.48,0.0,4261.48
2017-08-17 04:08:00,4261.48,4261.48,4261.48,4261.48,0.0,4261.48
2017-08-17 04:09:00,4261.48,4261.48,4261.48,4261.48,0.0,4261.48
2017-08-17 04:10:00,4261.48,4261.48,4261.48,4261.48,0.0,4261.48
2017-08-17 04:11:00,4261.48,4261.48,4261.48,4261.48,0.0,4261.48
2017-08-17 04:12:00,4261.48,4261.48,4261.48,4261.48,0.0,4261.48
2017-08-17 04:13:00,4261.48,4261.48,4261.48,4261.48,0.0,4261.48
2017-08-17 04:14:00,4261.48,4261.48,4261.48,4261.48,0.0,4261.48
2017-08-17 04:15:00,4261.48,4261.48,4261.48,4261.48,0.0,4261.48
2017-08-17 04:16:00,4261.48,4261.48,4261.48,4261.48,0.0,4261.48
2017-08-17 04:17:00,4261.48,4264.88,4261.48,4264.88,0.075455,4264.88
2017-08-17 04:18:00,4264.88,4264.88,4264.88,4264.88,0.0,4264.88
2017-08-17 04:19:00,4261.48,4261.48,4261.48,4261.48,0.409211,4261.48
2017-08-17 04:20:00,4264.88,4264.88,4264.88,4264.88,1.483014,4264.88
2017-08-17 04:21:00,4264.88,4266.29,4264.88,4266.29,0.845556,4266.29
2017-08-17 04:22:00,4266.29,4266.29,4266.29,4266.29,0.0,4266.29
2017-08-17 04:23:00,4266.29,4266.29,4266.29,4266.29,0.0,4266.29
2017-08-17 04:24:00,4266.29,4266.29,4266.29,4266.29,0.0,4266.29
2017-08-17 04:25:00,4266.29,4266.29,4266.29,4266.29,0.467435,4266.29
2017-08-17 04:26:00,4266.29,4266.29,4266.29,4266.29,0.0,4266.29
2017-08-17 04:27:00,4266.29,4266.29,4266.29,4266.29,0.405513,4266.29
2017-08-17 04:28:00,4266.29,4266.29,4261.32,4266.29,2.963132,4266.29
2017-08-17 04:29:00,4270.41,4270.41,4261.45,4261.45,2.470549,4261.45
2017-08-17 04:30:00,4280.0,4280.56,4274.67,4280.0,1.696723,4280.0
2017-08-17 04:31:00,4274.67,4274.67,4274.67,4274.67,0.459109,4274.67
2017-08-17 04:32:00,4274.67,4274.67,4274.67,4274.67,0.702048,4274.67
2017-08-17 04:33:00,4267.99,4267.99,4267.99,4267.99,4.127747,4267.99
2017-08-17 04:34:00,4296.63,4296.63,4296.63,4296.63,0.952506,4296.63
2017-08-17 04:35:00,4300.38,4300.38,4300.38,4300.38,1.038218,4300.38
2017-08-17 04:36:00,4300.38,4300.38,4300.38,4300.38,0.0,4300.38
2017-08-17 04:37:00,4300.38,4300.38,4300.38,4300.38,0.64729,4300.38
2017-08-17 04:38:00,4300.38,4300.38,4300.38,4300.38,0.630048,4300.38
2017-08-17 04:39:00,4300.38,4300.38,4300.38,4300.38,3.31104,4300.38
2017-08-17 04:40:00,4300.38,4300.38,4300.38,4300.38,1.728714,4300.38
2017-08-17 04:41:00,4300.38,4300.38,4300.38,4300.38,0.945344,4300.38
2017-08-17 04:42:00,4300.38,4300.38,4300.38,4300.38,0.624984,4300.38
2017-08-17 04:43:00,4300.38,4310.07,4300.38,4310.07,0.979833,4310.07
2017-08-17 04:44:00,4301.03,4310.07,4301.03,4310.07,4.079948,4310.07
2017-08-17 04:45:00,4310.07,4310.07,4310.07,4310.07,0.129749,4310.07
2017-08-17 04:46:00,4310.07,4310.07,4310.07,4310.07,0.698374,4310.07
2017-08-17 04:47:00,4310.07,4310.07,4310.07,4310.07,0.292919,4310.07
2017-08-17 04:48:00,4310.07,4310.07,4310.07,4310.07,0.235205,4310.07
2017-08-17 04:49:00,4310.07,4310.07,4292.01,4292.01,1.091853,4292.01
2017-08-17 04:50:00,4292.01,4310.07,4292.01,4310.07,1.24766,4310.07
2017-08-17 04:51:00,4301.39,4313.62,4301.39,4313.62,0.611023,4313.62
2017-08-17 04:52:00,4313.61,4313.62,4313.6,4313.6,2.011601,4313.6
2017-08-17 04:53:00,4313.61,4313.61,4313.6,4313.6,0.563374,4313.6
2017-08-17 04:54:00,4313.6,4313.6,4313.6,4313.6,0.325225,4313.6
2017-08-17 04:55:00,4302.48,4313.6,4291.37,4291.37,4.635124,4291.37
2017-08-17 04:56:00,4313.6,4313.6,4313.6,4313.6,0.213562,4313.6
2017-08-17 04:57:00,4313.62,4313.62,4308.83,4308.83,1.332596,4308.83
2017-08-17 04:58:00,4308.83,4308.83,4308.83,4308.83,0.0,4308.83
2017-08-17 04:59:00,4308.83,4308.83,4308.83,4308.83,0.560266,4308.83
2017-08-17 05:00:00,4308.83,4308.83,4308.83,4308.83,0.0,4308.83
2017-08-17 05:01:00,4308.83,4308.83,4308.83,4308.83,0.136105,4308.83
2017-08-17 05:02:00,4308.83,4308.83,4308.83,4308.83,0.0,4308.83
2017-08-17 05:03:00,4308.83,4308.83,4308.83,4308.83,0.21717,4308.83
2017-08-17 05:04:00,4308.83,4308.83,4304.31,4304.31,0.12958,4304.31
2017-08-17 05:05:00,4308.83,4328.69,4308.83,4328.69,3.256981,4328.69
2017-08-17 05:06:00,4328.69,4328.69,4328.69,4328.69,0.512132,4328.69
2017-08-17 05:07:00,4328.69,4328.69,4328.69,4328.69,0.342269,4328.69
2017-08-17 05:08:00,4328.69,4328.69,4328.69,4328.69,0.152537,4328.69
2017-08-17 05:09:00,4328.69,4328.69,4328.69,4328.69,0.010853,4328.69
2017-08-17 05:10:00,4328.69,4328.69,4328.69,4328.69,0.155944,4328.69
2017-08-17 05:11:00,4328.69,4328.69,4328.69,4328.69,0.0,4328.69
2017-08-17 05:12:00,4320.0,4320.0,4320.0,4320.0,0.064332,4320.0
2017-08-17 05:13:00,4320.0,4320.0,4304.31,4304.31,0.12325,4304.31
2017-08-17 05:14:00,4304.31,4304.31,4304.31,4304.31,0.0,4304.31
2017-08-17 05:15:00,4320.0,4320.0,4320.0,4320.0,0.63019,4320.0
2017-08-17 05:16:00,4312.14,4319.99,4312.14,4319.99,4.193217,4319.99
2017-08-17 05:17:00,4319.99,4319.99,4319.99,4319.99,0.0,4319.99
2017-08-17 05:18:00,4320.0,4320.0,4320.0,4320.0,0.083587,4320.0
2017-08-17 05:19:00,4320.0,4320.0,4320.0,4320.0,0.544539,4320.0
2017-08-17 05:20:00,4320.0,4320.0,4320.0,4320.0,0.956569,4320.0
2017-08-17 05:21:00,4320.0,4320.0,4320.0,4320.0,0.0,4320.0
2017-08-17 05:22:00,4320.0,4320.0,4320.0,4320.0,0.241428,4320.0
2017-08-17 05:23:00,4320.0,4320.0,4320.0,4320.0,0.062136,4320.0
2017-08-17 05:24:00,4320.0,4320.0,4320.0,4320.0,2.18634,4320.0
2017-08-17 05:25:00,4319.22,4319.22,4319.22,4319.22,4.112028,4319.22
2017-08-17 05:26:00,4320.0,4320.0,4320.0,4320.0,2.081048,4320.0
2017-08-17 05:27:00,4320.0,4320.0,4320.0,4320.0,0.06254,4320.0
2017-08-17 05:28:00,4320.0,4320.0,4320.0,4320.0,0.0,4320.0
2017-08-17 05:29:00,4320.0,4320.0,4320.0,4320.0,0.793873,4320.0
2017-08-17 05:30:00,4320.0,4320.0,4320.0,4320.0,0.179009,4320.0
2017-08-17 05:31:00,4320.0,4320.0,4320.0,4320.0,0.590538,4320.0
2017-08-17 05:32:00,4320.0,4320.0,4320.0,4320.0,0.048053,4320.0
2017-08-17 05:33:00,4320.0,4320.0,4320.0,4320.0,0.030719,4320.0
2017-08-17 05:34:00,4320.0,4320.0,4320.0,4320.0,0.179059,4320.0
2017-08-17 05:35:00,4320.0,4320.0,4320.0,4320.0,0.501599,4320.0
2017-08-17 05:36:00,4320.0,4320.0,4320.0,4320.0,0.019386,4320.0
2017-08-17 05:37:00,4320.0,4320.0,4320.0,4320.0,0.373933,4320.0
2017-08-17 05:38:00,4320.0,4320.0,4320.0,4320.0,0.09839,4320.0
2017-08-17 05:39:00,4291.37,4291.37,4291.37,4291.37,0.134767,4291.37
2017-08-17 05:40:00,4291.37,4291.37,4291.37,4291.37,0.0,4291.37
2017-08-17 05:41:00,4291.37,4291.37,4291.37,4291.37,0.0,4291.37
2017-08-17 05:42:00,4291.37,4291.37,4291.37,4291.37,0.0,4291.37
2017-08-17 05:43:00,4291.37,4291.37,4291.37,4291.37,0.0,4291.37
2017-08-17 05:44:00,4291.37,4291.37,4291.37,4291.37,0.0,4291.37
2017-08-17 05:45:00,4297.04,4297.04,4297.04,4297.04,0.007884,4297.04
2017-08-17 05:46:00,4297.04,4297.04,4297.04,4297.04,0.0,4297.04
2017-08-17 05:47:00,4297.04,4297.04,4297.04,4297.04,0.0,4297.04
2017-08-17 05:48:00,4297.04,4297.04,4297.04,4297.04,0.0,4297.04
2017-08-17 05:49:00,4297.04,4297.04,4297.04,4297.04,0.0,4297.04
2017-08-17 05:50:00,4297.04,4297.04,4297.04,4297.04,0.0,4297.04
2017-08-17 05:51:00,4297.04,4297.04,4297.04,4297.04,0.0,4297.04
2017-08-17 05:52:00,4315.32,4315.32,4315.32,4315.32,0.000943,4315.32
2017-08-17 05:53:00,4315.32,4315.32,4315.32,4315.32,0.0,4315.32
2017-08-17 05:54:00,4315.32,4315.32,4315.32,4315.32,0.0,4315.32
2017-08-17 05:55:00,4315.32,4315.32,4315.32,4315.32,0.0,4315.32
2017-08-17 05:56:00,4315.32,4315.32,4315.32,4315.32,0.0,4315.32
2017-08-17 05:57:00,4315.32,4315.32,4315.32,4315.32,0.021988,4315.32
2017-08-17 05:58:00,4315.32,4315.32,4315.32,4315.32,0.0,4315.32
2017-08-17 05:59:00,4315.32,4315.32,4315.32,4315.32,0.0,4315.32
2017-08-17 06:00:00,4315.32,4315.32,4315.32,4315.32,0.0,4315.32
2017-08-17 06:01:00,4315.32,4315.32,4315.32,4315.32,0.0,4315.32
2017-08-17 06:02:00,4315.32,4315.32,4315.32,4315.32,0.0,4315.32
2017-08-17 06:03:00,4315.32,4315.32,4315.32,4315.32,0.0,4315.32
2017-08-17 06:04:00,4330.29,4330.29,4330.29,4330.29,0.009339,4330.29
2017-08-17 06:05:00,4318.39,4318.39,4318.39,4318.39,0.0542,4318.39
2017-08-17 06:06:00,4318.39,4318.39,4318.39,4318.39,0.0,4318.39
2017-08-17 06:07:00,4318.39,4318.39,4318.39,4318.39,0.0,4318.39
2017-08-17 06:08:00,4318.39,4318.39,4318.39,4318.39,0.0,4318.39
2017-08-17 06:09:00,4318.39,4318.39,4318.39,4318.39,0.0,4318.39
2017-08-17 06:10:00,4318.39,4318.39,4318.39,4318.39,0.0,4318.39
2017-08-17 06:11:00,4330.0,4330.0,4330.0,4330.0,0.001825,4330.0
2017-08-17 06:12:00,4330.0,4330.0,4330.0,4330.0,0.0,4330.0
2017-08-17 06:13:00,4330.0,4330.0,4330.0,4330.0,0.0,4330.0
2017-08-17 06:14:00,4330.0,4330.0,4330.0,4330.0,0.0,4330.0
2017-08-17 06:15:00,4330.0,4330.0,4330.0,4330.0,0.0,4330.0
2017-08-17 06:16:00,4330.0,4330.0,4330.0,4330.0,0.0,4330.0
2017-08-17 06:17:00,4330.0,4330.0,4330.0,4330.0,0.0,4330.0
2017-08-17 06:18:00,4330.0,4330.0,4330.0,4330.0,0.0,4330.0
2017-08-17 06:19:00,4330.0,4330.0,4330.0,4330.0,0.0,4330.0
2017-08-17 06:20:00,4309.37,4330.0,4309.37,4330.0,1.708566,4330.0
2017-08-17 06:21:00,4330.29,4330.29,4330.29,4330.29,0.193164,4330.29
2017-08-17 06:22:00,4330.0,4330.0,4330.0,4330.0,0.449,4330.0
2017-08-17 06:23:00,4311.58,4311.58,4311.58,4311.58,0.831346,4311.58
2017-08-17 06:24:00,4311.58,4311.58,4311.58,4311.58,0.003552,4311.58
2017-08-17 06:25:00,4311.58,4311.58,4311.58,4311.58,0.054285,4311.58
2017-08-17 06:26:00,4311.58,4311.58,4311.58,4311.58,0.0,4311.58
2017-08-17 06:27:00,4311.01,4311.01,4311.01,4311.01,0.001,4311.01
2017-08-17 06:28:00,4311.02,4311.02,4311.02,4311.02,0.26,4311.02
2017-08-17 06:29:00,4311.02,4311.02,4311.02,4311.02,0.0,4311.02
2017-08-17 06:30:00,4311.02,4311.02,4311.02,4311.02,0.0,4311.02
2017-08-17 06:31:00,4311.02,4311.02,4311.02,4311.02,0.0,4311.02
2017-08-17 06:32:00,4328.65,4328.65,4328.65,4328.65,0.014785,4328.65
2017-08-17 06:33:00,4328.65,4328.65,4328.65,4328.65,0.085183,4328.65
2017-08-17 06:34:00,4325.8,4325.8,4319.83,4319.83,1.112933,4319.83
2017-08-17 06:35:00,4324.34,4345.45,4324.34,4345.45,0.264959,4345.45
2017-08-17 06:36:00,4345.45,4345.45,4345.45,4345.45,0.0,4345.45
2017-08-17 06:37:00,4331.65,4331.65,4331.65,4331.65,0.057069,4331.65
2017-08-17 06:38:00,4331.65,4331.65,4331.65,4331.65,0.0,4331.65
2017-08-17 06:39:00,4331.65,4345.45,4331.65,4345.45,1.959247,4345.45
2017-08-17 06:40:00,4345.45,4345.45,4345.45,4345.45,0.0,4345.45
2017-08-17 06:41:00,4345.45,4345.45,4345.45,4345.45,0.0,4345.45
2017-08-17 06:42:00,4345.45,4345.45,4345.45,4345.45,0.0,4345.45
2017-08-17 06:43:00,4345.45,4345.45,4345.45,4345.45,0.0,4345.45
2017-08-17 06:44:00,4345.45,4345.45,4345.45,4345.45,0.0,4345.45
2017-08-17 06:45:00,4345.45,4345.45,4345.45,4345.45,0.089016,4345.45
2017-08-17 06:46:00,4345.45,4345.45,4345.45,4345.45,0.0,4345.45
2017-08-17 06:47:00,4345.45,4345.45,4345.45,4345.45,0.0,4345.45
2017-08-17 06:48:00,4330.12,4330.12,4330.12,4330.12,0.005594,4330.12
2017-08-17 06:49:00,4330.12,4330.12,4330.12,4330.12,0.0,4330.12
2017-08-17 06:50:00,4330.12,4330.12,4330.12,4330.12,0.0,4330.12
2017-08-17 06:51:00,4330.12,4330.12,4330.12,4330.12,0.0,4330.12
2017-08-17 06:52:00,4330.12,4330.12,4330.12,4330.12,0.00641,4330.12
2017-08-17 06:53:00,4330.12,4330.12,4330.12,4330.12,0.0,4330.12
2017-08-17 06:54:00,4330.12,4330.12,4330.12,4330.12,0.0,4330.12
2017-08-17 06:55:00,4324.35,4324.35,4324.35,4324.35,0.068218,4324.35
2017-08-17 06:56:00,4324.35,4324.35,4324.35,4324.35,0.0,4324.35
2017-08-17 06:57:00,4324.35,4324.35,4324.35,4324.35,0.0,4324.35
2017-08-17 06:58:00,4324.35,4324.35,4324.35,4324.35,0.0,4324.35
2017-08-17 06:59:00,4324.35,4324.35,4324.35,4324.35,0.0,4324.35
2017-08-17 07:00:00,4324.35,4324.35,4324.35,4324.35,0.0,4324.35
2017-08-17 07:01:00,4324.35,4324.35,4324.35,4324.35,0.0,4324.35
2017-08-17 07:02:00,4324.35,4324.35,4324.35,4324.35,0.0,4324.35
2017-08-17 07:03:00,4324.35,4324.35,4324.35,4324.35,0.0,4324.35
2017-08-17 07:04:00,4324.35,4324.35,4324.35,4324.35,0.0,4324.35
2017-08-17 07:05:00,4324.35,4324.35,4324.35,4324.35,0.0,4324.35
2017-08-17 07:06:00,4324.35,4324.35,4324.35,4324.35,0.0,4324.35
2017-08-17 07:07:00,4324.35,4324.35,4324.35,4324.35,0.0,4324.35
2017-08-17 07:08:00,4316.62,4316.62,4316.62,4316.62,0.001541,4316.62
2017-08-17 07:09:00,4316.62,4316.62,4316.62,4316.62,0.0,4316.62
2017-08-17 07:10:00,4316.62,4316.62,4316.62,4316.62,0.0,4316.62
2017-08-17 07:11:00,4316.62,4316.62,4316.62,4316.62,0.0,4316.62
2017-08-17 07:12:00,4316.62,4316.62,4316.62,4316.62,0.0,4316.62
2017-08-17 07:13:00,4316.62,4316.62,4316.62,4316.62,0.0,4316.62
2017-08-17 07:14:00,4316.62,4316.62,4316.62,4316.62,0.0,4316.62
2017-08-17 07:15:00,4316.62,4316.62,4316.62,4316.62,0.0,4316.62
2017-08-17 07:16:00,4316.62,4316.62,4316.62,4316.62,0.0,4316.62
2017-08-17 07:17:00,4316.62,4316.62,4316.62,4316.62,0.0,4316.62
2017-08-17 07:18:00,4316.62,4316.62,4316.62,4316.62,0.0,4316.62
2017-08-17 07:19:00,4316.62,4316.62,4316.62,4316.62,0.0,4316.62
2017-08-17 07:20:00,4316.62,4316.62,4316.62,4316.62,0.0,4316.62
2017-08-17 07:21:00,4316.62,4316.62,4316.62,4316.62,0.0,4316.62
2017-08-17 07:22:00,4316.62,4316.62,4316.62,4316.62,0.0,4316.62
2017-08-17 07:23:00,4316.62,4316.62,4316.62,4316.62,0.0,4316.62
2017-08-17 07:24:00,4316.62,4316.62,4316.62,4316.62,0.0,4316.62
2017-08-17 07:25:00,4316.62,4316.62,4316.62,4316.62,0.0,4316.62
2017-08-17 07:26:00,4316.62,4316.62,4316.62,4316.62,0.0,4316.62
2017-08-17 07:27:00,4316.62,4316.62,4316.62,4316.62,0.0,4316.62
2017-08-17 07:28:00,4316.62,4316.62,4316.62,4316.62,0.0,4316.62
2017-08-17 07:29:00,4291.38,4291.38,4291.38,4291.38,0.038918,4291.38
2017-08-17 07:30:00,4291.38,4291.38,4291.38,4291.38,0.0,4291.38
2017-08-17 07:31:00,4291.38,4291.38,4291.38,4291.38,0.0,4291.38
2017-08-17 07:32:00,4291.38,4291.38,4291.38,4291.38,0.0,4291.38
2017-08-17 07:33:00,4291.38,4291.38,4291.38,4291.38,0.0,4291.38
2017-08-17 07:34:00,4291.38,4291.38,4291.38,4291.38,0.0,4291.38
2017-08-17 07:35:00,4291.39,4291.39,4291.39,4291.39,0.011431,4291.39
2017-08-17 07:36:00,4291.39,4291.39,4291.39,4291.39,0.0,4291.39
2017-08-17 07:37:00,4291.39,4291.39,4291.39,4291.39,0.0,4291.39
2017-08-17 07:38:00,4291.39,4291.39,4291.39,4291.39,0.0,4291.39
2017-08-17 07:39:00,4291.39,4291.39,4291.39,4291.39,0.0,4291.39
2017-08-17 07:40:00,4291.39,4291.39,4291.39,4291.39,0.0,4291.39
2017-08-17 07:41:00,4300.0,4300.0,4300.0,4300.0,0.011445,4300.0
2017-08-17 07:42:00,4300.0,4300.0,4300.0,4300.0,0.0,4300.0
2017-08-17 07:43:00,4300.0,4300.0,4300.0,4300.0,0.688725,4300.0
2017-08-17 07:44:00,4300.0,4300.0,4300.0,4300.0,0.0073,4300.0
2017-08-17 07:45:00,4287.41,4287.41,4287.41,4287.41,0.004263,4287.41
2017-08-17 07:46:00,4287.41,4287.41,4287.41,4287.41,0.0,4287.41
2017-08-17 07:47:00,4287.41,4287.41,4287.41,4287.41,0.0,4287.41
2017-08-17 07:48:00,4287.41,4287.41,4287.41,4287.41,0.0,4287.41
2017-08-17 07:49:00,4287.41,4287.41,4287.41,4287.41,0.0,4287.41
2017-08-17 07:50:00,4305.38,4305.38,4305.38,4305.38,0.011552,4305.38
2017-08-17 07:51:00,4316.62,4316.62,4316.62,4316.62,0.229614,4316.62
2017-08-17 07:52:00,4323.34,4323.34,4323.34,4323.34,0.071,4323.34
2017-08-17 07:53:00,4330.12,4330.12,4330.12,4330.12,0.003553,4330.12
2017-08-17 07:54:00,4330.12,4330.12,4323.34,4323.34,0.236673,4323.34
2017-08-17 07:55:00,4323.34,4334.0,4323.34,4334.0,0.6408,4334.0
2017-08-17 07:56:00,4334.0,4334.0,4334.0,4334.0,0.3,4334.0
2017-08-17 07:57:00,4334.0,4334.0,4334.0,4334.0,0.12,4334.0
2017-08-17 07:58:00,4334.0,4334.0,4334.0,4334.0,0.105623,4334.0
2017-08-17 07:59:00,4334.0,4349.99,4334.0,4349.99,1.960811,4349.99
2017-08-17 08:00:00,4333.32,4349.99,4333.32,4349.99,0.144289,4349.99
2017-08-17 08:01:00,4349.99,4349.99,4349.99,4349.99,0.0,4349.99
2017-08-17 08:02:00,4349.99,4349.99,4349.99,4349.99,0.284669,4349.99
2017-08-17 08:03:00,4349.99,4349.99,4349.99,4349.99,0.0356,4349.99
2017-08-17 08:04:00,4377.85,4377.85,4333.32,4333.32,0.194517,4333.32
2017-08-17 08:05:00,4377.85,4377.85,4377.85,4377.85,0.08239,4377.85
2017-08-17 08:06:00,4377.85,4377.85,4377.85,4377.85,0.0,4377.85
2017-08-17 08:07:00,4377.85,4377.85,4377.85,4377.85,0.0,4377.85
2017-08-17 08:08:00,4360.71,4360.71,4360.71,4360.71,0.024952,4360.71
2017-08-17 08:09:00,4360.71,4360.71,4360.71,4360.71,0.0,4360.71
2017-08-17 08:10:00,4360.71,4360.71,4360.71,4360.71,0.0,4360.71
2017-08-17 08:11:00,4360.71,4360.71,4360.71,4360.71,0.0,4360.71
2017-08-17 08:12:00,4360.71,4360.71,4360.71,4360.71,0.0,4360.71
2017-08-17 08:13:00,4360.71,4360.71,4360.71,4360.71,0.0,4360.71
2017-08-17 08:14:00,4360.71,4360.71,4360.71,4360.71,0.0,4360.71
2017-08-17 08:15:00,4360.71,4360.71,4360.71,4360.71,0.0,4360.71
2017-08-17 08:16:00,4360.71,4360.71,4360.71,4360.71,0.0,4360.71
2017-08-17 08:17:00,4360.71,4360.71,4360.71,4360.71,0.0,4360.71
2017-08-17 08:18:00,4360.71,4360.71,4360.71,4360.71,0.0,4360.71
2017-08-17 08:19:00,4360.71,4360.71,4360.71,4360.71,0.0,4360.71
2017-08-17 08:20:00,4360.71,4360.71,4360.71,4360.71,0.011481,4360.71
2017-08-17 08:21:00,4360.71,4360.71,4360.71,4360.71,0.0,4360.71
2017-08-17 08:22:00,4360.71,4360.71,4360.71,4360.71,0.0,4360.71
2017-08-17 08:23:00,4360.71,4360.71,4360.71,4360.71,0.0,4360.71
2017-08-17 08:24:00,4360.71,4360.71,4360.71,4360.71,0.0,4360.71
2017-08-17 08:25:00,4360.7,4360.7,4360.7,4360.7,0.015748,4360.7
2017-08-17 08:26:00,4360.7,4360.7,4360.7,4360.7,0.048614,4360.7
2017-08-17 08:27:00,4360.7,4360.7,4360.7,4360.7,0.0,4360.7
2017-08-17 08:28:00,4360.7,4360.7,4360.7,4360.7,0.0,4360.7
2017-08-17 08:29:00,4360.7,4360.7,4360.7,4360.7,0.0,4360.7
2017-08-17 08:30:00,4360.7,4360.7,4360.7,4360.7,0.0,4360.7
2017-08-17 08:31:00,4360.7,4360.7,4360.7,4360.7,0.0,4360.7
2017-08-17 08:32:00,4360.7,4360.7,4360.7,4360.7,0.0,4360.7
2017-08-17 08:33:00,4360.7,4360.7,4360.7,4360.7,0.0,4360.7
2017-08-17 08:34:00,4360.7,4360.7,4360.7,4360.7,0.001024,4360.7
2017-08-17 08:35:00,4360.7,4360.7,4360.7,4360.7,0.0,4360.7
2017-08-17 08:36:00,4360.7,4360.7,4360.7,4360.7,0.0,4360.7
2017-08-17 08:37:00,4360.7,4360.7,4360.7,4360.7,0.0,4360.7
2017-08-17 08:38:00,4360.7,4360.7,4360.7,4360.7,0.0,4360.7
2017-08-17 08:39:00,4360.0,4360.0,4360.0,4360.0,0.064316,4360.0
2017-08-17 08:40:00,4360.69,4360.69,4360.69,4360.69,0.008408,4360.69
2017-08-17 08:41:00,4360.69,4360.69,4360.69,4360.69,0.021468,4360.69
2017-08-17 08:42:00,4360.69,4360.69,4360.69,4360.69,0.004046,4360.69
2017-08-17 08:43:00,4360.69,4360.69,4360.69,4360.69,0.0,4360.69
2017-08-17 08:44:00,4360.69,4360.69,4360.69,4360.69,0.0,4360.69
2017-08-17 08:45:00,4360.69,4360.69,4360.69,4360.69,0.0,4360.69
2017-08-17 08:46:00,4360.69,4360.69,4360.69,4360.69,0.0,4360.69
2017-08-17 08:47:00,4360.69,4360.69,4360.69,4360.69,0.0,4360.69
2017-08-17 08:48:00,4360.69,4360.69,4360.69,4360.69,0.0,4360.69
2017-08-17 08:49:00,4360.7,4360.7,4360.7,4360.7,0.008232,4360.7
2017-08-17 08:50:00,4360.7,4360.7,4360.7,4360.7,0.0,4360.7
2017-08-17 08:51:00,4360.69,4360.69,4360.69,4360.69,0.023053,4360.69
2017-08-17 08:52:00,4360.69,4360.69,4360.69,4360.69,0.0,4360.69
2017-08-17 08:53:00,4360.69,4360.69,4360.69,4360.69,0.0,4360.69
2017-08-17 08:54:00,4360.69,4360.69,4360.69,4360.69,0.0,4360.69
2017-08-17 08:55:00,4360.69,4360.69,4360.69,4360.69,0.0,4360.69
2017-08-17 08:56:00,4360.69,4360.69,4360.69,4360.69,0.0,4360.69
2017-08-17 08:57:00,4360.69,4360.69,4360.69,4360.69,0.0,4360.69
2017-08-17 08:58:00,4360.69,4360.69,4360.69,4360.69,0.0,4360.69
2017-08-17 08:59:00,4360.69,4360.69,4360.69,4360.69,0.0,4360.69
2017-08-17 09:00:00,4360.69,4360.69,4360.69,4360.69,0.0,4360.69
2017-08-17 09:01:00,4360.69,4360.69,4360.69,4360.69,0.0,4360.69
2017-08-17 09:02:00,4360.69,4360.69,4360.69,4360.69,0.0,4360.69
2017-08-17 09:03:00,4360.69,4360.69,4360.69,4360.69,0.0,4360.69
2017-08-17 09:04:00,4360.69,4360.69,4360.69,4360.69,0.0,4360.69
2017-08-17 09:05:00,4360.69,4360.69,4360.69,4360.69,0.0,4360.69
2017-08-17 09:06:00,4360.69,4360.69,4360.69,4360.69,0.0,4360.69
2017-08-17 09:07:00,4360.69,4360.69,4360.69,4360.69,0.0,4360.69
2017-08-17 09:08:00,4360.69,4360.69,4360.69,4360.69,0.0,4360.69
2017-08-17 09:09:00,4360.0,4360.0,4360.0,4360.0,0.006296,4360.0
2017-08-17 09:10:00,4360.0,4360.0,4360.0,4360.0,0.0,4360.0
2017-08-17 09:11:00,4360.0,4360.0,4360.0,4360.0,0.0,4360.0
2017-08-17 09:12:00,4360.0,4360.0,4360.0,4360.0,0.0,4360.0
2017-08-17 09:13:00,4360.0,4360.0,4360.0,4360.0,0.0,4360.0
2017-08-17 09:14:00,4360.0,4360.0,4360.0,4360.0,0.0,4360.0
2017-08-17 09:15:00,4360.0,4360.0,4360.0,4360.0,0.0,4360.0
2017-08-17 09:16:00,4360.0,4360.0,4360.0,4360.0,0.0,4360.0
2017-08-17 09:17:00,4360.0,4360.0,4360.0,4360.0,0.21,4360.0
2017-08-17 09:18:00,4360.0,4360.0,4360.0,4360.0,0.310001,4360.0
2017-08-17 09:19:00,4360.0,4360.0,4360.0,4360.0,0.0,4360.0
2017-08-17 09:20:00,4360.0,4360.0,4360.0,4360.0,0.320002,4360.0
2017-08-17 09:21:00,4360.0,4360.0,4360.0,4360.0,0.540001,4360.0
2017-08-17 09:22:00,4360.0,4360.0,4360.0,4360.0,0.0,4360.0
2017-08-17 09:23:00,4360.0,4360.0,4360.0,4360.0,0.0,4360.0
2017-08-17 09:24:00,4360.0,4360.0,4360.0,4360.0,0.0,4360.0
2017-08-17 09:25:00,4360.0,4360.0,4360.0,4360.0,0.0,4360.0
2017-08-17 09:26:00,4360.0,4360.0,4360.0,4360.0,0.0,4360.0
2017-08-17 09:27:00,4360.0,4360.0,4360.0,4360.0,0.0,4360.0
2017-08-17 09:28:00,4360.0,4360.0,4360.0,4360.0,0.0,4360.0
2017-08-17 09:29:00,4360.0,4360.0,4360.0,4360.0,0.908701,4360.0
2017-08-17 09:30:00,4360.0,4377.85,4360.0,4377.85,2.499913,4377.85
2017-08-17 09:31:00,4377.85,4400.0,4377.85,4400.0,1.58607,4400.0
2017-08-17 09:32:00,4405.44,4408.35,4400.0,4408.35,2.803352,4408.35
2017-08-17 09:33:00,4408.35,4408.35,4408.35,4408.35,0.834573,4408.35
2017-08-17 09:34:00,4445.78,4445.78,4445.78,4445.78,0.197755,4445.78
2017-08-17 09:35:00,4445.78,4445.78,4445.78,4445.78,0.4016,4445.78
2017-08-17 09:36:00,4445.78,4445.78,4445.78,4445.78,0.0,4445.78
2017-08-17 09:37:00,4445.78,4445.78,4445.78,4445.78,0.0,4445.78
2017-08-17 09:38:00,4445.78,4445.78,4445.78,4445.78,0.009597,4445.78
2017-08-17 09:39:00,4445.78,4445.78,4445.78,4445.78,0.0,4445.78
2017-08-17 09:40:00,4445.0,4445.0,4445.0,4445.0,0.06674,4445.0
2017-08-17 09:41:00,4436.51,4436.51,4436.51,4436.51,0.0112,4436.51
2017-08-17 09:42:00,4436.51,4436.51,4436.51,4436.51,0.0,4436.51
2017-08-17 09:43:00,4436.51,4436.51,4436.51,4436.51,0.0,4436.51
2017-08-17 09:44:00,4436.51,4436.51,4436.51,4436.51,0.0,4436.51
2017-08-17 09:45:00,4436.51,4436.51,4436.51,4436.51,0.0,4436.51
2017-08-17 09:46:00,4444.0,4444.0,4444.0,4444.0,0.025467,4444.0
2017-08-17 09:47:00,4444.0,4444.0,4444.0,4444.0,0.016214,4444.0
2017-08-17 09:48:00,4444.0,4444.0,4444.0,4444.0,0.0,4444.0
2017-08-17 09:49:00,4444.0,4444.0,4444.0,4444.0,0.0,4444.0
2017-08-17 09:50:00,4444.0,4444.0,4444.0,4444.0,0.0,4444.0
2017-08-17 09:51:00,4444.0,4444.0,4444.0,4444.0,0.0,4444.0
2017-08-17 09:52:00,4444.0,4444.0,4444.0,4444.0,0.0,4444.0
2017-08-17 09:53:00,4444.0,4444.0,4444.0,4444.0,0.0,4444.0
2017-08-17 09:54:00,4444.0,4444.0,4444.0,4444.0,0.008156,4444.0
2017-08-17 09:55:00,4444.0,4444.0,4444.0,4444.0,0.007985,4444.0
2017-08-17 09:56:00,4444.0,4444.0,4444.0,4444.0,0.0,4444.0
2017-08-17 09:57:00,4444.0,4444.0,4444.0,4444.0,0.0,4444.0
2017-08-17 09:58:00,4444.0,4444.0,4444.0,4444.0,0.0,4444.0
2017-08-17 09:59:00,4444.0,4444.0,4444.0,4444.0,0.0,4444.0
2017-08-17 10:00:00,4441.1,4441.1,4441.1,4441.1,0.790001,4441.1
2017-08-17 10:01:00,4441.1,4441.1,4441.1,4441.1,0.0,4441.1
2017-08-17 10:02:00,4441.1,4441.1,4441.1,4441.1,0.0,4441.1
2017-08-17 10:03:00,4436.51,4436.51,4436.51,4436.51,0.171696,4436.51
2017-08-17 10:04:00,4436.51,4436.51,4436.51,4436.51,0.113182,4436.51
2017-08-17 10:05:00,4436.51,4436.51,4436.51,4436.51,0.0,4436.51
2017-08-17 10:06:00,4427.13,4427.13,4400.0,4400.0,0.530001,4400.0
2017-08-17 10:07:00,4400.0,4400.0,4400.0,4400.0,0.003809,4400.0
2017-08-17 10:08:00,4400.0,4400.0,4400.0,4400.0,0.920409,4400.0
2017-08-17 10:09:00,4400.0,4400.0,4400.0,4400.0,0.0,4400.0
2017-08-17 10:10:00,4400.0,4400.0,4400.0,4400.0,0.001767,4400.0
2017-08-17 10:11:00,4400.0,4400.0,4400.0,4400.0,0.0,4400.0
2017-08-17 10:12:00,4400.0,4400.0,4400.0,4400.0,0.050193,4400.0
2017-08-17 10:13:00,4400.0,4400.0,4400.0,4400.0,1.90398,4400.0
2017-08-17 10:14:00,4399.81,4400.0,4399.81,4400.0,0.174642,4400.0
2017-08-17 10:15:00,4400.0,4400.0,4400.0,4400.0,0.0,4400.0
2017-08-17 10:16:00,4400.0,4400.0,4400.0,4400.0,0.0,4400.0
2017-08-17 10:17:00,4400.0,4400.0,4400.0,4400.0,0.0,4400.0
2017-08-17 10:18:00,4400.0,4400.0,4400.0,4400.0,0.353101,4400.0
2017-08-17 10:19:00,4400.0,4400.0,4400.0,4400.0,0.0,4400.0
2017-08-17 10:20:00,4443.0,4443.0,4443.0,4443.0,0.06403,4443.0
2017-08-17 10:21:00,4420.0,4440.0,4420.0,4440.0,0.06732,4440.0
2017-08-17 10:22:00,4440.0,4440.0,4440.0,4440.0,0.1302,4440.0
2017-08-17 10:23:00,4440.0,4440.0,4440.0,4440.0,0.0,4440.0
2017-08-17 10:24:00,4440.0,4440.0,4440.0,4440.0,0.0,4440.0
2017-08-17 10:25:00,4440.0,4440.0,4440.0,4440.0,0.0,4440.0
2017-08-17 10:26:00,4440.0,4440.0,4440.0,4440.0,0.0,4440.0
2017-08-17 10:27:00,4440.0,4440.0,4440.0,4440.0,0.0,4440.0
2017-08-17 10:28:00,4440.0,4440.0,4440.0,4440.0,0.0,4440.0
2017-08-17 10:29:00,4440.0,4440.0,4440.0,4440.0,0.0,4440.0
2017-08-17 10:30:00,4440.0,4440.0,4440.0,4440.0,0.0,4440.0
2017-08-17 10:31:00,4440.0,4440.0,4440.0,4440.0,0.0,4440.0
2017-08-17 10:32:00,4440.0,4440.0,4440.0,4440.0,0.0,4440.0
2017-08-17 10:33:00,4440.0,4440.0,4440.0,4440.0,0.0,4440.0
2017-08-17 10:34:00,4440.0,4440.0,4440.0,4440.0,0.0,4440.0
2017-08-17 10:35:00,4400.0,4400.0,4400.0,4400.0,0.3,4400.0
2017-08-17 10:36:00,4419.0,4419.0,4419.0,4419.0,0.270001,4419.0
2017-08-17 10:37:00,4419.0,4419.0,4419.0,4419.0,1.420003,4419.0
2017-08-17 10:38:00,4419.0,4419.0,4419.0,4419.0,0.0,4419.0
2017-08-17 10:39:00,4419.0,4419.0,4419.0,4419.0,0.0,4419.0
2017-08-17 10:40:00,4419.0,4419.0,4419.0,4419.0,0.0,4419.0
2017-08-17 10:41:00,4419.0,4419.0,4419.0,4419.0,0.0,4419.0
2017-08-17 10:42:00,4415.0,4415.0,4415.0,4415.0,0.083709,4415.0
2017-08-17 10:43:00,4415.0,4415.0,4415.0,4415.0,0.004522,4415.0
2017-08-17 10:44:00,4415.0,4415.0,4415.0,4415.0,0.0,4415.0
2017-08-17 10:45:00,4415.0,4415.0,4415.0,4415.0,0.0,4415.0
2017-08-17 10:46:00,4415.0,4415.0,4415.0,4415.0,0.0,4415.0
2017-08-17 10:47:00,4415.0,4415.0,4415.0,4415.0,0.0,4415.0
2017-08-17 10:48:00,4419.0,4457.24,4419.0,4443.9,11.901043,4443.9
2017-08-17 10:49:00,4460.0,4460.0,4460.0,4460.0,0.009597,4460.0
2017-08-17 10:50:00,4460.0,4460.0,4460.0,4460.0,0.068562,4460.0
2017-08-17 10:51:00,4460.0,4470.0,4450.65,4450.65,0.493671,4450.65
2017-08-17 10:52:00,4460.0,4460.0,4460.0,4460.0,0.440872,4460.0
2017-08-17 10:53:00,4460.0,4460.0,4460.0,4460.0,3.16907,4460.0
2017-08-17 10:54:00,4460.0,4460.0,4460.0,4460.0,0.511059,4460.0
2017-08-17 10:55:00,4460.0,4460.0,4460.0,4460.0,0.182374,4460.0
2017-08-17 10:56:00,4460.0,4460.0,4460.0,4460.0,0.161876,4460.0
2017-08-17 10:57:00,4460.0,4460.0,4460.0,4460.0,0.064754,4460.0
2017-08-17 10:58:00,4460.0,4460.0,4460.0,4460.0,0.50613,4460.0
2017-08-17 10:59:00,4460.0,4460.0,4460.0,4460.0,0.003825,4460.0
2017-08-17 11:00:00,4460.0,4470.0,4460.0,4470.0,0.647812,4470.0
2017-08-17 11:01:00,4459.18,4470.0,4459.18,4470.0,7.626505,4470.0
2017-08-17 11:02:00,4470.0,4470.0,4470.0,4470.0,0.257439,4470.0
2017-08-17 11:03:00,4474.8,4474.8,4474.8,4474.8,1.34852,4474.8
2017-08-17 11:04:00,4474.8,4474.8,4474.8,4474.8,0.245169,4474.8
2017-08-17 11:05:00,4474.8,4474.8,4474.8,4474.8,0.0,4474.8
2017-08-17 11:06:00,4474.8,4474.8,4474.8,4474.8,0.0,4474.8
2017-08-17 11:07:00,4474.8,4474.8,4474.8,4474.8,0.0,4474.8
2017-08-17 11:08:00,4454.72,4454.72,4454.72,4454.72,0.008788,4454.72
2017-08-17 11:09:00,4454.72,4454.72,4454.72,4454.72,0.0,4454.72
2017-08-17 11:10:00,4454.72,4454.72,4454.72,4454.72,0.0,4454.72
2017-08-17 11:11:00,4461.07,4461.07,4461.07,4461.07,0.010118,4461.07
2017-08-17 11:12:00,4461.07,4461.07,4461.07,4461.07,0.0,4461.07
2017-08-17 11:13:00,4461.07,4461.07,4461.07,4461.07,0.0,4461.07
2017-08-17 11:14:00,4470.06,4474.8,4470.06,4474.8,5.940193,4474.8
2017-08-17 11:15:00,4474.8,4474.8,4474.8,4474.8,2.094218,4474.8
2017-08-17 11:16:00,4474.8,4474.8,4474.8,4474.8,0.0,4474.8
2017-08-17 11:17:00,4474.8,4474.8,4474.8,4474.8,1.596177,4474.8
2017-08-17 11:18:00,4474.8,4474.8,4474.8,4474.8,1.028876,4474.8
2017-08-17 11:19:00,4465.32,4474.8,4465.32,4474.8,1.146694,4474.8
2017-08-17 11:20:00,4474.8,4474.8,4474.8,4474.8,1.178146,4474.8
2017-08-17 11:21:00,4474.8,4474.8,4474.8,4474.8,0.997846,4474.8
2017-08-17 11:22:00,4474.8,4474.8,4474.8,4474.8,0.0,4474.8
2017-08-17 11:23:00,4474.8,4474.8,4474.8,4474.8,0.0,4474.8
2017-08-17 11:24:00,4474.8,4474.8,4474.8,4474.8,0.025318,4474.8
2017-08-17 11:25:00,4474.8,4485.39,4474.8,4485.39,0.449143,4485.39
2017-08-17 11:26:00,4485.39,4485.39,4485.39,4485.39,0.0,4485.39
2017-08-17 11:27:00,4485.39,4485.39,4465.06,4485.39,0.324447,4485.39
2017-08-17 11:28:00,4485.39,4485.39,4485.39,4485.39,0.00392,4485.39
2017-08-17 11:29:00,4485.39,4485.39,4485.39,4485.39,0.0,4485.39
2017-08-17 11:30:00,4485.39,4485.39,4485.39,4485.39,0.048343,4485.39
2017-08-17 11:31:00,4485.39,4485.39,4485.39,4485.39,0.0,4485.39
2017-08-17 11:32:00,4485.39,4485.39,4485.39,4485.39,0.0,4485.39
2017-08-17 11:33:00,4485.39,4485.39,4485.39,4485.39,0.0,4485.39
2017-08-17 11:34:00,4485.39,4485.39,4485.39,4485.39,0.0,4485.39
2017-08-17 11:35:00,4485.39,4485.39,4485.39,4485.39,0.0,4485.39
2017-08-17 11:36:00,4485.39,4485.39,4485.39,4485.39,0.0,4485.39
2017-08-17 11:37:00,4485.39,4485.39,4485.39,4485.39,0.0,4485.39
2017-08-17 11:38:00,4459.96,4469.93,4459.96,4469.93,0.532753,4469.93
2017-08-17 11:39:00,4469.93,4469.93,4469.93,4469.93,0.0,4469.93
2017-08-17 11:40:00,4469.93,4469.93,4469.93,4469.93,0.0,4469.93
2017-08-17 11:41:00,4469.93,4469.93,4469.93,4469.93,0.0,4469.93
2017-08-17 11:42:00,4469.93,4469.93,4469.93,4469.93,0.0,4469.93
2017-08-17 11:43:00,4469.93,4469.93,4469.93,4469.93,0.0,4469.93
2017-08-17 11:44:00,4469.93,4469.93,4469.93,4469.93,0.001986,4469.93
2017-08-17 11:45:00,4469.93,4469.93,4469.93,4469.93,0.02,4469.93
2017-08-17 11:46:00,4469.93,4469.93,4468.93,4468.93,0.171,4468.93
2017-08-17 11:47:00,4459.46,4468.93,4459.46,4468.93,0.314974,4468.93
2017-08-17 11:48:00,4468.93,4468.93,4468.93,4468.93,0.0,4468.93
2017-08-17 11:49:00,4468.93,4468.93,4468.93,4468.93,0.0,4468.93
2017-08-17 11:50:00,4449.56,4449.56,4449.56,4449.56,0.088282,4449.56
2017-08-17 11:51:00,4434.86,4434.86,4434.86,4434.86,0.275404,4434.86
2017-08-17 11:52:00,4434.86,4434.86,4434.86,4434.86,0.248,4434.86
2017-08-17 11:53:00,4434.86,4434.86,4434.86,4434.86,0.000187,4434.86
2017-08-17 11:54:00,4434.86,4434.86,4434.86,4434.86,0.137571,4434.86
2017-08-17 11:55:00,4449.56,4449.56,4449.56,4449.56,0.064142,4449.56
2017-08-17 11:56:00,4438.77,4438.77,4438.77,4438.77,0.046937,4438.77
2017-08-17 11:57:00,4449.56,4449.56,4449.56,4449.56,0.11838,4449.56
2017-08-17 11:58:00,4449.56,4449.56,4449.56,4449.56,0.0,4449.56
2017-08-17 11:59:00,4427.3,4427.3,4427.3,4427.3,0.020765,4427.3
2017-08-17 12:00:00,4427.3,4427.3,4427.3,4427.3,0.0,4427.3
2017-08-17 12:01:00,4436.06,4436.06,4436.06,4436.06,0.061558,4436.06
2017-08-17 12:02:00,4436.06,4436.06,4436.06,4436.06,0.0,4436.06
2017-08-17 12:03:00,4436.06,4436.06,4436.06,4436.06,1.532516,4436.06
2017-08-17 12:04:00,4449.56,4449.56,4449.56,4449.56,0.793284,4449.56
2017-08-17 12:05:00,4447.66,4447.66,4447.66,4447.66,0.480838,4447.66
2017-08-17 12:06:00,4439.67,4447.66,4439.67,4447.66,4.517824,4447.66
2017-08-17 12:07:00,4447.66,4447.66,4447.66,4447.66,0.046054,4447.66
2017-08-17 12:08:00,4447.66,4447.66,4447.66,4447.66,0.309107,4447.66
2017-08-17 12:09:00,4448.89,4448.89,4448.89,4448.89,0.434545,4448.89
2017-08-17 12:10:00,4441.87,4441.87,4441.87,4441.87,0.696494,4441.87
2017-08-17 12:11:00,4441.87,4441.87,4441.87,4441.87,0.0,4441.87
2017-08-17 12:12:00,4441.87,4441.87,4441.87,4441.87,0.393453,4441.87
2017-08-17 12:13:00,4441.87,4441.87,4441.87,4441.87,0.187894,4441.87
2017-08-17 12:14:00,4441.87,4441.87,4441.87,4441.87,1.720591,4441.87
2017-08-17 12:15:00,4441.87,4441.87,4441.87,4441.87,0.081998,4441.87
2017-08-17 12:16:00,4441.87,4441.87,4441.87,4441.87,0.066163,4441.87
2017-08-17 12:17:00,4441.87,4441.87,4441.87,4441.87,0.256702,4441.87
2017-08-17 12:18:00,4441.87,4441.87,4441.87,4441.87,0.0,4441.87
2017-08-17 12:19:00,4431.68,4431.68,4431.68,4431.68,0.025,4431.68
2017-08-17 12:20:00,4431.68,4431.68,4431.68,4431.68,0.0,4431.68
2017-08-17 12:21:00,4430.95,4430.95,4430.95,4430.95,0.00493,4430.95
2017-08-17 12:22:00,4430.95,4430.95,4430.95,4430.95,0.0,4430.95
2017-08-17 12:23:00,4427.3,4430.95,4427.3,4430.95,3.614797,4430.95
2017-08-17 12:24:00,4430.95,4430.95,4427.3,4427.3,4.77324,4427.3
2017-08-17 12:25:00,4425.25,4425.25,4425.25,4425.25,0.026,4425.25
2017-08-17 12:26:00,4423.2,4423.2,4423.2,4423.2,0.94,4423.2
2017-08-17 12:27:00,4423.2,4423.2,4423.2,4423.2,0.0,4423.2
2017-08-17 12:28:00,4425.25,4425.25,4425.25,4425.25,0.019559,4425.25
2017-08-17 12:29:00,4418.12,4418.12,4418.12,4418.12,0.113,4418.12
2017-08-17 12:30:00,4418.12,4418.12,4418.12,4418.12,0.0,4418.12
2017-08-17 12:31:00,4418.12,4418.12,4418.12,4418.12,0.0,4418.12
2017-08-17 12:32:00,4417.0,4417.0,4417.0,4417.0,0.027508,4417.0
2017-08-17 12:33:00,4417.0,4417.0,4417.0,4417.0,0.0,4417.0
2017-08-17 12:34:00,4417.0,4417.0,4417.0,4417.0,0.0,4417.0
2017-08-17 12:35:00,4417.0,4417.0,4417.0,4417.0,0.000293,4417.0
2017-08-17 12:36:00,4417.0,4417.0,4417.0,4417.0,0.09,4417.0
2017-08-17 12:37:00,4417.0,4417.0,4417.0,4417.0,0.0,4417.0
2017-08-17 12:38:00,4417.0,4417.0,4417.0,4417.0,0.135,4417.0
2017-08-17 12:39:00,4417.0,4427.3,4417.0,4427.3,0.029912,4427.3
2017-08-17 12:40:00,4427.3,4427.3,4427.3,4427.3,0.0,4427.3
2017-08-17 12:41:00,4419.14,4430.95,4411.01,4411.01,0.627854,4411.01
2017-08-17 12:42:00,4431.13,4431.13,4431.13,4431.13,0.17931,4431.13
2017-08-17 12:43:00,4431.13,4431.13,4431.13,4431.13,0.0,4431.13
2017-08-17 12:44:00,4431.13,4431.13,4431.13,4431.13,0.0,4431.13
2017-08-17 12:45:00,4431.13,4431.13,4431.13,4431.13,0.0,4431.13
2017-08-17 12:46:00,4431.13,4431.13,4431.13,4431.13,0.0,4431.13
2017-08-17 12:47:00,4431.13,4431.13,4431.13,4431.13,0.0,4431.13
2017-08-17 12:48:00,4430.0,4430.0,4420.5,4420.5,0.077498,4420.5
2017-08-17 12:49:00,4420.0,4420.0,4411.0,4411.0,0.622,4411.0
2017-08-17 12:50:00,4420.0,4420.0,4420.0,4420.0,0.024782,4420.0
2017-08-17 12:51:00,4420.0,4420.0,4420.0,4420.0,0.0,4420.0
2017-08-17 12:52:00,4420.0,4420.0,4420.0,4420.0,0.0,4420.0
2017-08-17 12:53:00,4420.0,4420.0,4420.0,4420.0,0.002218,4420.0
2017-08-17 12:54:00,4420.0,4431.13,4411.0,4411.0,0.120476,4411.0
2017-08-17 12:55:00,4411.0,4411.0,4411.0,4411.0,0.0,4411.0
2017-08-17 12:56:00,4411.0,4411.0,4411.0,4411.0,0.0,4411.0
2017-08-17 12:57:00,4411.0,4411.0,4411.0,4411.0,0.0,4411.0
2017-08-17 12:58:00,4411.0,4411.0,4411.0,4411.0,0.0,4411.0
2017-08-17 12:59:00,4411.0,4411.0,4411.0,4411.0,0.0,4411.0
2017-08-17 13:00:00,4411.0,4411.0,4411.0,4411.0,0.28,4411.0
2017-08-17 13:01:00,4411.0,4411.0,4411.0,4411.0,0.0,4411.0
2017-08-17 13:02:00,4411.0,4411.0,4411.0,4411.0,0.0,4411.0
2017-08-17 13:03:00,4411.0,4411.0,4411.0,4411.0,0.0,4411.0
2017-08-17 13:04:00,4424.57,4430.0,4424.57,4430.0,0.330006,4430.0
2017-08-17 13:05:00,4434.12,4434.12,4434.12,4434.12,0.092424,4434.12
2017-08-17 13:06:00,4445.88,4445.88,4445.88,4445.88,0.037531,4445.88
2017-08-17 13:07:00,4440.0,4445.88,4440.0,4445.88,0.389654,4445.88
2017-08-17 13:08:00,4445.88,4445.88,4445.88,4445.88,0.0,4445.88
2017-08-17 13:09:00,4445.88,4445.88,4445.88,4445.88,0.0,4445.88
2017-08-17 13:10:00,4445.88,4445.88,4445.88,4445.88,0.0,4445.88
2017-08-17 13:11:00,4440.0,4445.88,4440.0,4445.88,0.129328,4445.88
2017-08-17 13:12:00,4445.88,4445.88,4445.88,4445.88,0.0,4445.88
2017-08-17 13:13:00,4445.88,4445.88,4445.88,4445.88,0.0,4445.88
2017-08-17 13:14:00,4445.88,4445.88,4445.88,4445.88,0.0,4445.88
2017-08-17 13:15:00,4445.88,4445.88,4445.88,4445.88,0.0,4445.88
2017-08-17 13:16:00,4445.88,4445.88,4445.88,4445.88,0.0,4445.88
2017-08-17 13:17:00,4445.88,4445.88,4445.88,4445.88,0.0,4445.88
2017-08-17 13:18:00,4445.88,4445.88,4445.88,4445.88,0.0,4445.88
2017-08-17 13:19:00,4430.43,4430.43,4430.43,4430.43,0.013,4430.43
2017-08-17 13:20:00,4430.43,4430.43,4430.43,4430.43,0.0,4430.43
2017-08-17 13:21:00,4430.43,4430.43,4430.43,4430.43,0.0,4430.43
2017-08-17 13:22:00,4430.43,4430.43,4430.43,4430.43,0.0,4430.43
2017-08-17 13:23:00,4430.43,4430.43,4430.43,4430.43,0.001479,4430.43
2017-08-17 13:24:00,4425.21,4440.0,4425.21,4440.0,0.147756,4440.0
2017-08-17 13:25:00,4440.0,4440.0,4440.0,4440.0,0.0,4440.0
2017-08-17 13:26:00,4440.0,4440.0,4440.0,4440.0,0.0,4440.0
2017-08-17 13:27:00,4425.21,4425.21,4425.21,4425.21,0.02715,4425.21
2017-08-17 13:28:00,4425.21,4425.21,4425.21,4425.21,0.0,4425.21
2017-08-17 13:29:00,4422.6,4440.0,4422.6,4440.0,2.26999,4440.0
2017-08-17 13:30:00,4435.12,4435.12,4425.21,4435.12,0.513121,4435.12
2017-08-17 13:31:00,4435.21,4435.21,4435.21,4435.21,1.10672,4435.21
2017-08-17 13:32:00,4435.21,4440.0,4435.21,4440.0,0.433794,4440.0
2017-08-17 13:33:00,4440.0,4440.0,4440.0,4440.0,0.08141,4440.0
2017-08-17 13:34:00,4440.0,4440.0,4440.0,4440.0,0.221447,4440.0
2017-08-17 13:35:00,4445.0,4445.0,4440.0,4445.0,0.98704,4445.0
2017-08-17 13:36:00,4445.0,4445.0,4445.0,4445.0,0.99093,4445.0
2017-08-17 13:37:00,4445.0,4445.0,4445.0,4445.0,0.231016,4445.0
2017-08-17 13:38:00,4445.0,4445.0,4445.0,4445.0,0.41048,4445.0
2017-08-17 13:39:00,4445.0,4445.0,4445.0,4445.0,0.757662,4445.0
2017-08-17 13:40:00,4445.0,4445.0,4445.0,4445.0,0.0,4445.0
2017-08-17 13:41:00,4445.0,4445.0,4445.0,4445.0,0.0,4445.0
2017-08-17 13:42:00,4445.0,4445.0,4445.0,4445.0,0.0,4445.0
2017-08-17 13:43:00,4445.0,4445.0,4445.0,4445.0,0.125884,4445.0
2017-08-17 13:44:00,4445.0,4445.0,4445.0,4445.0,1.645136,4445.0
2017-08-17 13:45:00,4445.0,4445.0,4445.0,4445.0,0.0,4445.0
2017-08-17 13:46:00,4432.07,4432.07,4432.07,4432.07,0.069,4432.07
2017-08-17 13:47:00,4445.0,4445.0,4445.0,4445.0,0.074829,4445.0
2017-08-17 13:48:00,4445.0,4445.0,4445.0,4445.0,0.0,4445.0
2017-08-17 13:49:00,4445.0,4445.0,4445.0,4445.0,0.0,4445.0
2017-08-17 13:50:00,4425.6,4432.07,4425.6,4432.07,5.628527,4432.07
2017-08-17 13:51:00,4432.07,4432.07,4432.07,4432.07,0.0,4432.07
2017-08-17 13:52:00,4433.2,4433.2,4432.07,4432.07,1.842463,4432.07
2017-08-17 13:53:00,4445.0,4445.0,4445.0,4445.0,0.475496,4445.0
2017-08-17 13:54:00,4445.0,4445.0,4445.0,4445.0,1.12607,4445.0
2017-08-17 13:55:00,4445.0,4445.0,4445.0,4445.0,0.272969,4445.0
2017-08-17 13:56:00,4445.0,4445.0,4445.0,4445.0,0.146,4445.0
2017-08-17 13:57:00,4445.0,4445.0,4445.0,4445.0,7.00496,4445.0
2017-08-17 13:58:00,4445.0,4459.0,4445.0,4459.0,3.449164,4459.0
2017-08-17 13:59:00,4459.0,4459.0,4459.0,4459.0,0.0,4459.0
2017-08-17 14:00:00,4459.0,4460.0,4459.0,4460.0,0.693599,4460.0
2017-08-17 14:01:00,4460.0,4460.0,4460.0,4460.0,1.113327,4460.0
2017-08-17 14:02:00,4460.0,4460.0,4460.0,4460.0,1.987536,4460.0
2017-08-17 14:03:00,4460.0,4460.0,4460.0,4460.0,1.910253,4460.0
2017-08-17 14:04:00,4460.0,4460.0,4460.0,4460.0,0.079967,4460.0
2017-08-17 14:05:00,4460.0,4460.0,4460.0,4460.0,1.089199,4460.0
2017-08-17 14:06:00,4460.0,4460.0,4460.0,4460.0,0.0,4460.0
2017-08-17 14:07:00,4460.0,4460.0,4460.0,4460.0,1.055972,4460.0
2017-08-17 14:08:00,4460.0,4460.0,4460.0,4460.0,0.184417,4460.0
2017-08-17 14:09:00,4460.0,4460.0,4460.0,4460.0,0.945864,4460.0
2017-08-17 14:10:00,4460.0,4460.0,4460.0,4460.0,0.482478,4460.0
2017-08-17 14:11:00,4460.0,4460.0,4460.0,4460.0,0.0,4460.0
2017-08-17 14:12:00,4460.0,4460.0,4452.75,4452.75,3.42236,4452.75
2017-08-17 14:13:00,4435.93,4452.71,4435.93,4452.71,4.373493,4452.71
2017-08-17 14:14:00,4452.71,4452.71,4452.71,4452.71,0.0,4452.71
2017-08-17 14:15:00,4452.71,4452.71,4452.71,4452.71,0.340744,4452.71
2017-08-17 14:16:00,4452.71,4452.71,4452.71,4452.71,0.284341,4452.71
2017-08-17 14:17:00,4452.71,4452.71,4452.71,4452.71,0.0,4452.71
2017-08-17 14:18:00,4459.81,4459.81,4459.81,4459.81,0.610223,4459.81
2017-08-17 14:19:00,4459.81,4459.81,4459.81,4459.81,0.013429,4459.81
2017-08-17 14:20:00,4459.81,4459.81,4459.81,4459.81,0.246348,4459.81
2017-08-17 14:21:00,4459.81,4460.0,4459.81,4460.0,0.454725,4460.0
2017-08-17 14:22:00,4460.0,4460.0,4460.0,4460.0,0.168366,4460.0
2017-08-17 14:23:00,4469.46,4469.46,4469.35,4469.35,0.119405,4469.35
2017-08-17 14:24:00,4469.35,4469.35,4469.35,4469.35,0.177506,4469.35
2017-08-17 14:25:00,4469.35,4469.35,4437.35,4437.35,0.296746,4437.35
2017-08-17 14:26:00,4469.35,4469.35,4469.35,4469.35,0.091731,4469.35
2017-08-17 14:27:00,4469.35,4469.35,4469.35,4469.35,0.772777,4469.35
2017-08-17 14:28:00,4469.46,4469.46,4467.81,4467.81,0.709429,4467.81
2017-08-17 14:29:00,4467.81,4467.81,4467.81,4467.81,0.024574,4467.81
2017-08-17 14:30:00,4467.81,4467.81,4467.81,4467.81,0.393608,4467.81
2017-08-17 14:31:00,4467.81,4467.81,4467.81,4467.81,0.558302,4467.81
2017-08-17 14:32:00,4452.57,4467.81,4452.57,4467.81,4.300343,4467.81
2017-08-17 14:33:00,4467.81,4467.81,4467.81,4467.81,0.065785,4467.81
2017-08-17 14:34:00,4484.0,4484.0,4484.0,4484.0,0.049553,4484.0
2017-08-17 14:35:00,4484.0,4484.0,4484.0,4484.0,0.153852,4484.0
2017-08-17 14:36:00,4484.0,4484.0,4484.0,4484.0,0.053696,4484.0
2017-08-17 14:37:00,4484.0,4485.0,4484.0,4485.0,0.284055,4485.0
2017-08-17 14:38:00,4484.0,4484.0,4484.0,4484.0,0.249969,4484.0
2017-08-17 14:39:00,4484.0,4484.0,4484.0,4484.0,0.141862,4484.0
2017-08-17 14:40:00,4484.0,4485.0,4484.0,4485.0,1.058721,4485.0
2017-08-17 14:41:00,4485.0,4485.0,4485.0,4485.0,0.156931,4485.0
2017-08-17 14:42:00,4485.0,4485.0,4485.0,4485.0,0.600026,4485.0
2017-08-17 14:43:00,4485.0,4485.39,4485.0,4485.39,1.643844,4485.39
2017-08-17 14:44:00,4477.53,4477.53,4477.53,4477.53,0.144835,4477.53
2017-08-17 14:45:00,4477.53,4477.53,4477.53,4477.53,0.0,4477.53
2017-08-17 14:46:00,4477.53,4477.53,4477.53,4477.53,0.243408,4477.53
2017-08-17 14:47:00,4477.53,4477.53,4477.53,4477.53,0.04181,4477.53
2017-08-17 14:48:00,4477.53,4477.53,4477.53,4477.53,0.606513,4477.53
2017-08-17 14:49:00,4477.53,4477.53,4477.53,4477.53,0.508717,4477.53
2017-08-17 14:50:00,4477.53,4477.53,4477.53,4477.53,0.082,4477.53
2017-08-17 14:51:00,4477.53,4477.53,4477.53,4477.53,0.375093,4477.53
2017-08-17 14:52:00,4457.43,4477.53,4457.43,4477.53,4.78714,4477.53
2017-08-17 14:53:00,4476.84,4476.84,4476.84,4476.84,1.684968,4476.84
2017-08-17 14:54:00,4477.53,4477.53,4477.53,4477.53,0.044254,4477.53
2017-08-17 14:55:00,4477.53,4477.53,4477.23,4477.53,3.116285,4477.53
2017-08-17 14:56:00,4453.26,4469.17,4453.26,4468.33,4.800608,4468.33
2017-08-17 14:57:00,4468.33,4469.17,4468.33,4469.17,2.512693,4469.17
2017-08-17 14:58:00,4469.17,4469.17,4469.17,4469.17,0.884215,4469.17
2017-08-17 14:59:00,4470.82,4470.82,4470.82,4470.82,0.544002,4470.82
2017-08-17 15:00:00,4470.82,4470.82,4470.82,4470.82,1.351499,4470.82
2017-08-17 15:01:00,4470.82,4470.82,4470.82,4470.82,0.322366,4470.82
2017-08-17 15:02:00,4470.0,4470.0,4470.0,4470.0,0.248009,4470.0
2017-08-17 15:03:00,4470.0,4470.0,4470.0,4470.0,0.766008,4470.0
2017-08-17 15:04:00,4453.67,4470.0,4453.67,4470.0,4.117776,4470.0
2017-08-17 15:05:00,4470.0,4470.0,4470.0,4470.0,0.0,4470.0
2017-08-17 15:06:00,4470.0,4470.0,4470.0,4470.0,0.3034,4470.0
2017-08-17 15:07:00,4469.99,4469.99,4469.0,4469.0,0.213872,4469.0
2017-08-17 15:08:00,4469.0,4469.0,4469.0,4469.0,0.121306,4469.0
2017-08-17 15:09:00,4469.0,4469.0,4469.0,4469.0,0.0,4469.0
2017-08-17 15:10:00,4469.0,4469.0,4469.0,4469.0,0.254984,4469.0
2017-08-17 15:11:00,4469.0,4469.0,4460.0,4460.0,0.65217,4460.0
2017-08-17 15:12:00,4460.0,4460.0,4460.0,4460.0,1.088892,4460.0
2017-08-17 15:13:00,4460.0,4460.0,4460.0,4460.0,0.242059,4460.0
2017-08-17 15:14:00,4460.0,4460.0,4460.0,4460.0,0.120548,4460.0
2017-08-17 15:15:00,4460.0,4460.0,4460.0,4460.0,0.950092,4460.0
2017-08-17 15:16:00,4460.0,4460.0,4460.0,4460.0,0.957037,4460.0
2017-08-17 15:17:00,4469.0,4469.0,4469.0,4469.0,0.54076,4469.0
2017-08-17 15:18:00,4469.0,4469.0,4469.0,4469.0,0.542332,4469.0
2017-08-17 15:19:00,4469.99,4469.99,4469.99,4469.99,0.536322,4469.99
2017-08-17 15:20:00,4445.0,4469.99,4445.0,4469.99,1.365382,4469.99
2017-08-17 15:21:00,4469.0,4469.0,4469.0,4469.0,0.042962,4469.0
2017-08-17 15:22:00,4469.0,4470.82,4445.0,4445.0,1.276884,4445.0
2017-08-17 15:23:00,4445.0,4445.0,4445.0,4445.0,0.597,4445.0
2017-08-17 15:24:00,4445.0,4445.0,4432.7,4432.7,0.0992,4432.7
2017-08-17 15:25:00,4445.0,4445.0,4419.15,4433.2,1.075038,4433.2
2017-08-17 15:26:00,4433.2,4433.2,4433.2,4433.2,0.14675,4433.2
2017-08-17 15:27:00,4433.2,4445.0,4433.2,4445.0,1.3263,4445.0
2017-08-17 15:28:00,4420.0,4433.2,4412.1,4432.2,2.815312,4432.2
2017-08-17 15:29:00,4433.2,4433.2,4432.2,4432.2,0.520579,4432.2
2017-08-17 15:30:00,4432.2,4444.9,4420.0,4444.9,1.731294,4444.9
2017-08-17 15:31:00,4432.21,4432.21,4431.76,4431.76,0.681321,4431.76
2017-08-17 15:32:00,4421.0,4421.0,4420.0,4420.0,0.161379,4420.0
2017-08-17 15:33:00,4420.0,4420.0,4420.0,4420.0,0.483905,4420.0
2017-08-17 15:34:00,4416.81,4421.0,4399.64,4421.0,8.561232,4421.0
2017-08-17 15:35:00,4399.64,4399.64,4399.64,4399.64,2.28704,4399.64
2017-08-17 15:36:00,4382.95,4399.64,4376.49,4381.71,3.416081,4381.71
2017-08-17 15:37:00,4381.71,4382.95,4374.04,4382.95,2.353,4382.95
2017-08-17 15:38:00,4382.95,4382.95,4382.95,4382.95,0.010163,4382.95
2017-08-17 15:39:00,4374.04,4382.95,4374.04,4377.54,1.50694,4377.54
2017-08-17 15:40:00,4377.54,4377.54,4377.54,4377.54,0.232073,4377.54
2017-08-17 15:41:00,4382.95,4382.95,4377.54,4377.54,1.261686,4377.54
2017-08-17 15:42:00,4382.95,4382.95,4382.95,4382.95,2.008579,4382.95
2017-08-17 15:43:00,4382.95,4382.95,4382.95,4382.95,0.0,4382.95
2017-08-17 15:44:00,4396.47,4425.83,4396.47,4396.47,0.706623,4396.47
2017-08-17 15:45:00,4392.95,4392.95,4392.95,4392.95,0.114,4392.95
2017-08-17 15:46:00,4392.95,4396.47,4392.95,4392.95,2.066609,4392.95
2017-08-17 15:47:00,4392.95,4425.83,4392.95,4425.83,1.551119,4425.83
2017-08-17 15:48:00,4401.68,4425.83,4401.68,4425.83,5.330091,4425.83
2017-08-17 15:49:00,4423.63,4423.63,4423.63,4423.63,0.641441,4423.63
2017-08-17 15:50:00,4423.63,4423.63,4423.63,4423.63,0.321789,4423.63
2017-08-17 15:51:00,4423.63,4423.63,4423.63,4423.63,0.127402,4423.63
2017-08-17 15:52:00,4412.38,4412.38,4412.38,4412.38,0.757878,4412.38
2017-08-17 15:53:00,4412.38,4412.38,4377.54,4377.54,1.709299,4377.54
2017-08-17 15:54:00,4377.54,4410.35,4371.45,4371.45,0.607785,4371.45
2017-08-17 15:55:00,4377.54,4377.54,4377.54,4377.54,0.372734,4377.54
2017-08-17 15:56:00,4371.52,4377.54,4371.52,4377.54,0.315711,4377.54
2017-08-17 15:57:00,4377.54,4377.54,4377.54,4377.54,0.0,4377.54
2017-08-17 15:58:00,4352.34,4352.34,4352.34,4352.34,0.169983,4352.34
2017-08-17 15:59:00,4333.42,4352.34,4333.42,4352.34,6.399274,4352.34
2017-08-17 16:00:00,4352.34,4352.34,4352.34,4352.34,0.0,4352.34
2017-08-17 16:01:00,4352.33,4352.35,4352.33,4352.35,1.612469,4352.35
2017-08-17 16:02:00,4352.33,4352.33,4314.5,4320.0,0.635793,4320.0
2017-08-17 16:03:00,4320.0,4352.33,4314.5,4314.5,2.735415,4314.5
2017-08-17 16:04:00,4320.0,4352.35,4320.0,4325.0,1.264554,4325.0
2017-08-17 16:05:00,4325.0,4354.35,4314.5,4354.35,1.984577,4354.35
2017-08-17 16:06:00,4322.61,4322.61,4302.1,4302.1,5.355625,4302.1
2017-08-17 16:07:00,4305.38,4339.85,4300.0,4300.0,3.898083,4300.0
2017-08-17 16:08:00,4302.1,4305.38,4261.32,4261.32,6.227019,4261.32
2017-08-17 16:09:00,4255.3,4293.61,4255.3,4293.61,1.993581,4293.61
2017-08-17 16:10:00,4261.89,4292.11,4255.3,4291.77,4.760326,4291.77
2017-08-17 16:11:00,4291.77,4339.85,4287.78,4290.75,2.761322,4290.75
2017-08-17 16:12:00,4290.75,4290.75,4290.75,4290.75,0.316,4290.75
2017-08-17 16:13:00,4290.75,4290.75,4290.75,4290.75,0.0,4290.75
2017-08-17 16:14:00,4290.75,4307.17,4290.75,4307.17,0.632789,4307.17
2017-08-17 16:15:00,4307.17,4307.17,4290.75,4290.75,2.022926,4290.75
2017-08-17 16:16:00,4297.76,4304.78,4290.75,4290.75,6.696603,4290.75
2017-08-17 16:17:00,4272.03,4294.08,4272.03,4294.08,0.989574,4294.08
2017-08-17 16:18:00,4272.03,4294.08,4272.03,4294.08,1.228253,4294.08
2017-08-17 16:19:00,4294.08,4294.08,4294.08,4294.08,0.177379,4294.08
2017-08-17 16:20:00,4294.08,4294.08,4294.08,4294.08,0.112339,4294.08
2017-08-17 16:21:00,4294.08,4294.08,4265.87,4284.72,0.739616,4284.72
2017-08-17 16:22:00,4284.72,4294.08,4284.72,4284.72,1.121078,4284.72
2017-08-17 16:23:00,4284.72,4304.78,4284.72,4304.78,0.685479,4304.78
2017-08-17 16:24:00,4307.43,4336.69,4294.08,4307.43,1.933974,4307.43
2017-08-17 16:25:00,4307.43,4307.43,4307.43,4307.43,0.02,4307.43
2017-08-17 16:26:00,4307.43,4336.69,4307.43,4307.43,0.977838,4307.43
2017-08-17 16:27:00,4336.69,4336.69,4336.69,4336.69,0.733456,4336.69
2017-08-17 16:28:00,4323.05,4336.69,4290.17,4290.17,1.222022,4290.17
2017-08-17 16:29:00,4290.17,4294.08,4290.17,4290.17,0.371858,4290.17
2017-08-17 16:30:00,4290.17,4290.17,4290.17,4290.17,0.538117,4290.17
2017-08-17 16:31:00,4294.08,4337.29,4290.17,4337.29,1.65935,4337.29
2017-08-17 16:32:00,4337.29,4337.29,4337.29,4337.29,0.097888,4337.29
2017-08-17 16:33:00,4337.29,4337.29,4337.29,4337.29,0.0,4337.29
2017-08-17 16:34:00,4337.29,4337.29,4337.29,4337.29,0.0,4337.29
2017-08-17 16:35:00,4337.29,4337.29,4337.29,4337.29,0.091119,4337.29
2017-08-17 16:36:00,4337.29,4337.29,4337.29,4337.29,0.102587,4337.29
2017-08-17 16:37:00,4337.29,4337.29,4337.29,4337.29,0.606851,4337.29
2017-08-17 16:38:00,4322.23,4322.23,4322.23,4322.23,0.41154,4322.23
2017-08-17 16:39:00,4322.23,4322.23,4322.23,4322.23,0.116,4322.23
2017-08-17 16:40:00,4320.29,4320.29,4320.29,4320.29,0.287585,4320.29
2017-08-17 16:41:00,4302.54,4302.54,4302.54,4302.54,3.946881,4302.54
2017-08-17 16:42:00,4300.29,4300.29,4300.29,4300.29,0.163798,4300.29
2017-08-17 16:43:00,4300.29,4300.29,4300.29,4300.29,0.026413,4300.29
2017-08-17 16:44:00,4300.29,4300.29,4300.29,4300.29,0.067712,4300.29
2017-08-17 16:45:00,4300.29,4300.29,4300.29,4300.29,0.0,4300.29
2017-08-17 16:46:00,4300.29,4300.29,4300.29,4300.29,0.471955,4300.29
2017-08-17 16:47:00,4300.29,4300.29,4300.29,4300.29,0.836225,4300.29
2017-08-17 16:48:00,4338.13,4338.13,4338.13,4338.13,0.071186,4338.13
2017-08-17 16:49:00,4338.13,4338.13,4338.13,4338.13,0.348978,4338.13
2017-08-17 16:50:00,4338.13,4338.13,4338.13,4338.13,0.216112,4338.13
2017-08-17 16:51:00,4338.13,4338.13,4338.13,4338.13,0.892787,4338.13
2017-08-17 16:52:00,4338.13,4338.13,4338.13,4338.13,0.0,4338.13
2017-08-17 16:53:00,4338.13,4338.13,4338.13,4338.13,0.939328,4338.13
2017-08-17 16:54:00,4312.69,4338.13,4312.68,4338.13,1.688884,4338.13
2017-08-17 16:55:00,4354.18,4354.18,4354.18,4354.18,0.07445,4354.18
2017-08-17 16:56:00,4354.18,4354.18,4354.18,4354.18,0.0,4354.18
2017-08-17 16:57:00,4354.18,4354.18,4354.18,4354.18,0.405758,4354.18
2017-08-17 16:58:00,4354.18,4354.18,4354.18,4354.18,0.178288,4354.18
2017-08-17 16:59:00,4354.18,4354.18,4354.18,4354.18,0.009051,4354.18
2017-08-17 17:00:00,4354.18,4354.18,4354.18,4354.18,0.0,4354.18
2017-08-17 17:01:00,4354.18,4354.18,4354.18,4354.18,0.390481,4354.18
2017-08-17 17:02:00,4354.18,4354.18,4354.18,4354.18,0.265002,4354.18
2017-08-17 17:03:00,4354.18,4354.18,4354.18,4354.18,0.091361,4354.18
2017-08-17 17:04:00,4354.18,4354.18,4354.18,4354.18,0.525141,4354.18
2017-08-17 17:05:00,4354.18,4354.18,4354.18,4354.18,0.262547,4354.18
2017-08-17 17:06:00,4341.31,4341.31,4341.31,4341.31,0.262767,4341.31
2017-08-17 17:07:00,4326.99,4341.31,4326.99,4341.31,4.142298,4341.31
2017-08-17 17:08:00,4341.31,4341.31,4341.31,4341.31,0.033397,4341.31
2017-08-17 17:09:00,4341.31,4341.31,4341.31,4341.31,1.098296,4341.31
2017-08-17 17:10:00,4341.31,4341.31,4341.31,4341.31,0.0,4341.31
2017-08-17 17:11:00,4341.31,4341.31,4341.31,4341.31,0.317897,4341.31
2017-08-17 17:12:00,4354.84,4354.84,4354.84,4354.84,0.488621,4354.84
2017-08-17 17:13:00,4354.84,4354.84,4354.84,4354.84,0.0,4354.84
2017-08-17 17:14:00,4354.84,4354.84,4341.31,4341.31,4.228521,4341.31
2017-08-17 17:15:00,4323.23,4354.84,4323.23,4354.84,1.03038,4354.84
2017-08-17 17:16:00,4322.23,4322.23,4322.23,4322.23,0.479664,4322.23
2017-08-17 17:17:00,4322.23,4322.23,4322.23,4322.23,0.276626,4322.23
2017-08-17 17:18:00,4322.23,4322.23,4322.23,4322.23,0.082504,4322.23
2017-08-17 17:19:00,4322.23,4322.23,4322.23,4322.23,0.176221,4322.23
2017-08-17 17:20:00,4322.23,4322.23,4322.23,4322.23,0.586626,4322.23
2017-08-17 17:21:00,4301.5,4318.21,4301.5,4318.21,3.95531,4318.21
2017-08-17 17:22:00,4318.21,4318.21,4318.21,4318.21,0.252923,4318.21
2017-08-17 17:23:00,4318.21,4318.21,4318.21,4318.21,0.0,4318.21
2017-08-17 17:24:00,4318.21,4318.21,4318.21,4318.21,1.558324,4318.21
2017-08-17 17:25:00,4318.21,4318.21,4318.21,4318.21,0.0,4318.21
2017-08-17 17:26:00,4318.21,4335.28,4318.21,4335.28,0.171771,4335.28
2017-08-17 17:27:00,4335.28,4335.28,4335.28,4335.28,0.083618,4335.28
2017-08-17 17:28:00,4335.28,4335.28,4335.28,4335.28,0.351204,4335.28
2017-08-17 17:29:00,4335.28,4335.28,4335.28,4335.28,0.289996,4335.28
2017-08-17 17:30:00,4335.28,4335.28,4335.28,4335.28,0.585057,4335.28
2017-08-17 17:31:00,4337.29,4337.29,4337.29,4337.29,0.040795,4337.29
2017-08-17 17:32:00,4337.29,4337.29,4337.29,4337.29,0.435826,4337.29
2017-08-17 17:33:00,4337.29,4337.29,4337.29,4337.29,2.649999,4337.29
2017-08-17 17:34:00,4337.29,4337.29,4337.29,4337.29,0.551516,4337.29
2017-08-17 17:35:00,4337.29,4337.29,4337.29,4337.29,0.569585,4337.29
2017-08-17 17:36:00,4337.29,4337.29,4337.29,4337.29,0.377992,4337.29
2017-08-17 17:37:00,4337.29,4337.29,4337.29,4337.29,0.279954,4337.29
2017-08-17 17:38:00,4337.29,4354.84,4337.29,4354.84,0.503106,4354.84
2017-08-17 17:39:00,4354.84,4354.84,4354.84,4354.84,0.0,4354.84
2017-08-17 17:40:00,4354.84,4354.84,4354.84,4354.84,0.0,4354.84
2017-08-17 17:41:00,4354.84,4354.84,4354.84,4354.84,0.128353,4354.84
2017-08-17 17:42:00,4341.3,4341.3,4341.3,4341.3,0.278779,4341.3
2017-08-17 17:43:00,4341.3,4341.3,4328.15,4328.15,0.64279,4328.15
2017-08-17 17:44:00,4328.15,4328.15,4328.15,4328.15,0.0,4328.15
2017-08-17 17:45:00,4315.11,4315.11,4315.11,4315.11,0.005666,4315.11
2017-08-17 17:46:00,4315.11,4315.11,4315.11,4315.11,0.060504,4315.11
2017-08-17 17:47:00,4299.95,4315.11,4299.95,4315.11,5.99407,4315.11
2017-08-17 17:48:00,4328.15,4328.15,4328.15,4328.15,0.304711,4328.15
2017-08-17 17:49:00,4328.15,4328.15,4328.15,4328.15,0.2088,4328.15
2017-08-17 17:50:00,4328.15,4328.15,4328.15,4328.15,0.02377,4328.15
2017-08-17 17:51:00,4328.15,4328.15,4328.15,4328.15,0.809029,4328.15
2017-08-17 17:52:00,4327.25,4327.25,4309.05,4309.05,1.596581,4309.05
2017-08-17 17:53:00,4309.05,4309.05,4307.17,4309.05,2.358468,4309.05
2017-08-17 17:54:00,4309.05,4309.05,4309.05,4309.05,0.0,4309.05
2017-08-17 17:55:00,4307.17,4307.17,4307.17,4307.17,0.423056,4307.17
2017-08-17 17:56:00,4286.52,4307.17,4286.52,4302.15,4.918278,4302.15
2017-08-17 17:57:00,4265.87,4302.15,4235.45,4253.82,13.137162,4253.82
2017-08-17 17:58:00,4253.82,4253.82,4239.36,4239.36,0.626514,4239.36
2017-08-17 17:59:00,4252.92,4289.24,4252.92,4289.24,0.753055,4289.24
2017-08-17 18:00:00,4289.24,4289.24,4289.24,4289.24,1.147606,4289.24
2017-08-17 18:01:00,4282.43,4282.43,4282.43,4282.43,0.188412,4282.43
2017-08-17 18:02:00,4268.01,4268.01,4268.01,4268.01,1.321616,4268.01
2017-08-17 18:03:00,4268.01,4268.01,4268.01,4268.01,0.0,4268.01
2017-08-17 18:04:00,4267.01,4267.01,4263.99,4263.99,1.120763,4263.99
2017-08-17 18:05:00,4253.56,4253.56,4253.56,4253.56,0.096962,4253.56
2017-08-17 18:06:00,4218.68,4236.89,4218.68,4236.89,5.840977,4236.89
2017-08-17 18:07:00,4231.87,4231.87,4231.87,4231.87,0.354428,4231.87
2017-08-17 18:08:00,4231.87,4231.87,4231.87,4231.87,0.473725,4231.87
2017-08-17 18:09:00,4231.87,4231.87,4231.87,4231.87,1.300847,4231.87
2017-08-17 18:10:00,4231.87,4231.87,4231.87,4231.87,1.991197,4231.87
2017-08-17 18:11:00,4231.87,4231.87,4231.87,4231.87,0.67752,4231.87
2017-08-17 18:12:00,4231.87,4269.51,4231.87,4269.51,0.958052,4269.51
2017-08-17 18:13:00,4269.51,4282.43,4269.51,4282.43,0.488535,4282.43
2017-08-17 18:14:00,4282.43,4282.43,4282.43,4282.43,0.351355,4282.43
2017-08-17 18:15:00,4282.43,4282.43,4282.43,4282.43,0.746156,4282.43
2017-08-17 18:16:00,4278.01,4278.01,4278.01,4278.01,0.033859,4278.01
2017-08-17 18:17:00,4278.01,4278.01,4278.01,4278.01,0.806405,4278.01
2017-08-17 18:18:00,4273.03,4302.15,4273.03,4302.15,4.366899,4302.15
2017-08-17 18:19:00,4302.15,4302.15,4302.15,4302.15,0.0,4302.15
2017-08-17 18:20:00,4302.15,4302.15,4302.15,4302.15,0.537551,4302.15
2017-08-17 18:21:00,4302.15,4302.45,4302.15,4302.45,0.243168,4302.45
2017-08-17 18:22:00,4302.44,4302.44,4302.44,4302.44,0.360289,4302.44
2017-08-17 18:23:00,4302.44,4302.45,4302.44,4302.45,0.883199,4302.45
2017-08-17 18:24:00,4302.45,4302.45,4302.45,4302.45,0.054225,4302.45
2017-08-17 18:25:00,4287.69,4287.69,4287.69,4287.69,0.177203,4287.69
2017-08-17 18:26:00,4287.69,4287.69,4287.69,4287.69,0.035636,4287.69
2017-08-17 18:27:00,4287.69,4287.69,4287.69,4287.69,0.3524,4287.69
2017-08-17 18:28:00,4287.69,4287.69,4287.69,4287.69,0.0,4287.69
2017-08-17 18:29:00,4287.69,4287.69,4287.69,4287.69,0.03721,4287.69
2017-08-17 18:30:00,4287.69,4287.69,4287.69,4287.69,0.051423,4287.69
2017-08-17 18:31:00,4287.69,4287.69,4287.69,4287.69,0.234549,4287.69
2017-08-17 18:32:00,4287.69,4287.69,4287.69,4287.69,0.290857,4287.69
2017-08-17 18:33:00,4287.69,4287.69,4287.69,4287.69,0.686466,4287.69
2017-08-17 18:34:00,4287.69,4287.69,4287.69,4287.69,0.912674,4287.69
2017-08-17 18:35:00,4302.45,4302.45,4302.45,4302.45,0.764248,4302.45
2017-08-17 18:36:00,4302.45,4302.45,4302.45,4302.45,0.0,4302.45
2017-08-17 18:37:00,4284.27,4284.27,4284.27,4284.27,0.630753,4284.27
2017-08-17 18:38:00,4264.1,4284.27,4264.1,4284.27,4.020848,4284.27
2017-08-17 18:39:00,4267.01,4267.01,4267.01,4267.01,0.965019,4267.01
2017-08-17 18:40:00,4246.9,4246.9,4246.9,4246.9,0.518974,4246.9
2017-08-17 18:41:00,4246.9,4246.9,4246.9,4246.9,0.253349,4246.9
2017-08-17 18:42:00,4246.9,4246.9,4246.9,4246.9,1.312269,4246.9
2017-08-17 18:43:00,4237.85,4237.85,4237.85,4237.85,0.067005,4237.85
2017-08-17 18:44:00,4237.85,4237.85,4237.85,4237.85,0.88868,4237.85
2017-08-17 18:45:00,4237.85,4237.85,4237.85,4237.85,0.38656,4237.85
2017-08-17 18:46:00,4222.97,4237.85,4222.97,4237.85,4.709319,4237.85
2017-08-17 18:47:00,4237.85,4237.85,4237.85,4237.85,0.0,4237.85
2017-08-17 18:48:00,4237.85,4237.85,4237.85,4237.85,0.739676,4237.85
2017-08-17 18:49:00,4241.9,4241.9,4241.9,4241.9,0.065555,4241.9
2017-08-17 18:50:00,4241.9,4261.99,4241.9,4261.99,0.46887,4261.99
2017-08-17 18:51:00,4261.99,4261.99,4261.99,4261.99,1.558428,4261.99
2017-08-17 18:52:00,4267.01,4267.01,4267.01,4267.01,1.776628,4267.01
2017-08-17 18:53:00,4267.01,4267.01,4267.01,4267.01,1.388347,4267.01
2017-08-17 18:54:00,4254.96,4254.96,4254.96,4254.96,0.319673,4254.96
2017-08-17 18:55:00,4254.96,4254.96,4254.96,4254.96,0.314732,4254.96
2017-08-17 18:56:00,4254.96,4254.96,4254.96,4254.96,1.86732,4254.96
2017-08-17 18:57:00,4254.96,4256.97,4254.96,4256.97,1.041051,4256.97
2017-08-17 18:58:00,4256.97,4256.97,4256.97,4256.97,0.092343,4256.97
2017-08-17 18:59:00,4256.97,4256.97,4256.97,4256.97,0.003352,4256.97
2017-08-17 19:00:00,4241.91,4256.97,4241.91,4256.97,0.522423,4256.97
2017-08-17 19:01:00,4231.68,4237.72,4231.68,4237.72,5.525119,4237.72
2017-08-17 19:02:00,4237.72,4237.72,4208.11,4208.11,2.830953,4208.11
2017-08-17 19:03:00,4208.11,4208.11,4208.11,4208.11,0.0,4208.11
2017-08-17 19:04:00,4200.74,4200.74,4200.74,4200.74,0.64304,4200.74
2017-08-17 19:05:00,4200.74,4218.51,4200.74,4218.51,0.1452,4218.51
2017-08-17 19:06:00,4218.51,4218.51,4218.51,4218.51,0.397453,4218.51
2017-08-17 19:07:00,4218.51,4218.51,4218.51,4218.51,1.002085,4218.51
2017-08-17 19:08:00,4218.51,4242.53,4218.51,4242.53,0.302647,4242.53
2017-08-17 19:09:00,4242.53,4242.53,4242.53,4242.53,0.528307,4242.53
2017-08-17 19:10:00,4271.02,4271.02,4271.02,4271.02,0.450256,4271.02
2017-08-17 19:11:00,4256.51,4284.27,4256.51,4284.27,7.531301,4284.27
2017-08-17 19:12:00,4270.34,4270.34,4270.34,4270.34,1.303919,4270.34
2017-08-17 19:13:00,4267.01,4267.01,4267.01,4267.01,0.496082,4267.01
2017-08-17 19:14:00,4267.01,4281.87,4267.01,4281.87,0.238346,4281.87
2017-08-17 19:15:00,4281.87,4281.87,4281.87,4281.87,0.134329,4281.87
2017-08-17 19:16:00,4247.38,4266.01,4247.38,4266.01,4.4004,4266.01
2017-08-17 19:17:00,4266.01,4266.01,4266.01,4266.01,0.45192,4266.01
2017-08-17 19:18:00,4266.01,4266.01,4266.0,4266.0,0.944602,4266.0
2017-08-17 19:19:00,4266.0,4266.0,4266.0,4266.0,0.21821,4266.0
2017-08-17 19:20:00,4266.0,4266.0,4266.0,4266.0,0.474215,4266.0
2017-08-17 19:21:00,4266.0,4266.0,4266.0,4266.0,1.888366,4266.0
2017-08-17 19:22:00,4266.0,4266.0,4266.0,4266.0,0.068781,4266.0
2017-08-17 19:23:00,4266.0,4266.0,4266.0,4266.0,0.28149,4266.0
2017-08-17 19:24:00,4266.0,4266.0,4266.0,4266.0,0.503877,4266.0
2017-08-17 19:25:00,4266.0,4302.44,4266.0,4302.44,1.000336,4302.44
2017-08-17 19:26:00,4302.44,4302.44,4287.6,4287.6,0.252082,4287.6
2017-08-17 19:27:00,4287.6,4287.6,4287.6,4287.6,0.303484,4287.6
2017-08-17 19:28:00,4287.6,4287.6,4287.6,4287.6,0.03677,4287.6
2017-08-17 19:29:00,4287.61,4287.61,4287.6,4287.61,0.289957,4287.61
2017-08-17 19:30:00,4287.61,4287.61,4287.61,4287.61,0.089286,4287.61
2017-08-17 19:31:00,4287.61,4287.61,4287.61,4287.61,0.049752,4287.61
2017-08-17 19:32:00,4302.45,4302.45,4302.45,4302.45,0.082587,4302.45
2017-08-17 19:33:00,4302.15,4302.15,4302.15,4302.15,0.270001,4302.15
2017-08-17 19:34:00,4302.15,4302.15,4302.15,4302.15,0.058672,4302.15
2017-08-17 19:35:00,4316.08,4316.08,4316.08,4316.08,0.468423,4316.08
2017-08-17 19:36:00,4316.07,4316.07,4316.07,4316.07,0.301573,4316.07
2017-08-17 19:37:00,4309.26,4316.07,4309.26,4316.07,3.893207,4316.07
2017-08-17 19:38:00,4316.07,4316.08,4316.07,4316.07,0.39744,4316.07
2017-08-17 19:39:00,4316.08,4316.08,4289.0,4289.0,1.365968,4289.0
2017-08-17 19:40:00,4316.08,4327.25,4316.08,4327.25,0.265183,4327.25
2017-08-17 19:41:00,4327.25,4327.25,4327.25,4327.25,0.241951,4327.25
2017-08-17 19:42:00,4327.25,4327.25,4327.25,4327.25,0.194502,4327.25
2017-08-17 19:43:00,4327.25,4327.25,4327.25,4327.25,0.275723,4327.25
2017-08-17 19:44:00,4327.25,4327.25,4327.25,4327.25,0.21014,4327.25
2017-08-17 19:45:00,4327.25,4335.3,4327.25,4335.3,0.577777,4335.3
2017-08-17 19:46:00,4335.3,4335.3,4335.3,4335.3,0.083337,4335.3
2017-08-17 19:47:00,4335.3,4335.3,4335.3,4335.3,0.0471,4335.3
2017-08-17 19:48:00,4335.3,4335.3,4335.3,4335.3,0.0,4335.3
2017-08-17 19:49:00,4335.3,4335.3,4327.25,4327.25,0.692499,4327.25
2017-08-17 19:50:00,4327.25,4327.25,4327.25,4327.25,0.404919,4327.25
2017-08-17 19:51:00,4327.25,4327.25,4327.25,4327.25,0.123962,4327.25
2017-08-17 19:52:00,4328.25,4328.25,4328.25,4328.25,1.259618,4328.25
2017-08-17 19:53:00,4328.25,4328.25,4328.25,4328.25,0.381956,4328.25
2017-08-17 19:54:00,4328.25,4328.25,4325.24,4325.24,0.743232,4325.24
2017-08-17 19:55:00,4325.24,4325.24,4325.24,4325.24,0.079063,4325.24
2017-08-17 19:56:00,4325.23,4325.23,4325.23,4325.23,0.051128,4325.23
2017-08-17 19:57:00,4325.23,4325.23,4325.23,4325.23,0.373403,4325.23
2017-08-17 19:58:00,4325.23,4325.23,4325.23,4325.23,0.207707,4325.23
2017-08-17 19:59:00,4325.23,4325.23,4325.23,4325.23,0.354791,4325.23
2017-08-17 20:00:00,4307.56,4325.23,4307.56,4325.23,4.789079,4325.23
2017-08-17 20:01:00,4325.23,4325.23,4325.23,4325.23,0.200403,4325.23
2017-08-17 20:02:00,4325.23,4325.23,4325.23,4325.23,0.06573,4325.23
2017-08-17 20:03:00,4311.18,4311.18,4311.18,4311.18,0.23883,4311.18
2017-08-17 20:04:00,4311.18,4311.18,4311.18,4311.18,0.191808,4311.18
2017-08-17 20:05:00,4311.18,4311.18,4311.18,4311.18,0.0,4311.18
2017-08-17 20:06:00,4311.18,4311.18,4300.0,4300.0,0.438922,4300.0
2017-08-17 20:07:00,4297.13,4297.13,4297.13,4297.13,0.858483,4297.13
2017-08-17 20:08:00,4297.13,4297.13,4294.11,4294.11,1.511294,4294.11
2017-08-17 20:09:00,4278.05,4278.05,4278.05,4278.05,0.459972,4278.05
2017-08-17 20:10:00,4278.05,4278.05,4278.05,4278.05,0.291473,4278.05
2017-08-17 20:11:00,4261.0,4278.05,4261.0,4278.05,4.270612,4278.05
2017-08-17 20:12:00,4278.05,4278.05,4278.05,4278.05,0.0093,4278.05
2017-08-17 20:13:00,4278.05,4278.05,4278.05,4278.05,0.201145,4278.05
2017-08-17 20:14:00,4278.05,4278.05,4278.05,4278.05,0.05712,4278.05
2017-08-17 20:15:00,4278.05,4311.18,4278.05,4311.18,0.573061,4311.18
2017-08-17 20:16:00,4311.18,4325.23,4311.18,4325.23,0.346686,4325.23
2017-08-17 20:17:00,4325.23,4325.23,4302.77,4302.77,3.05172,4302.77
2017-08-17 20:18:00,4302.77,4302.77,4302.77,4302.77,0.227574,4302.77
2017-08-17 20:19:00,4295.88,4302.77,4295.88,4302.77,3.964716,4302.77
2017-08-17 20:20:00,4302.77,4302.77,4289.0,4289.0,0.418756,4289.0
2017-08-17 20:21:00,4289.0,4302.77,4289.0,4302.77,0.267367,4302.77
2017-08-17 20:22:00,4302.77,4302.77,4302.77,4302.77,0.344644,4302.77
2017-08-17 20:23:00,4302.77,4302.77,4302.77,4302.77,0.057684,4302.77
2017-08-17 20:24:00,4302.96,4302.96,4302.96,4302.96,1.374165,4302.96
2017-08-17 20:25:00,4288.1,4288.1,4288.1,4288.1,0.265,4288.1
2017-08-17 20:26:00,4288.1,4288.1,4288.1,4288.1,0.183765,4288.1
2017-08-17 20:27:00,4288.1,4288.1,4288.1,4288.1,0.275064,4288.1
2017-08-17 20:28:00,4287.08,4287.08,4287.08,4287.08,0.550666,4287.08
2017-08-17 20:29:00,4273.16,4273.16,4273.16,4273.16,0.680541,4273.16
2017-08-17 20:30:00,4258.56,4273.16,4258.56,4273.16,4.839282,4273.16
2017-08-17 20:31:00,4272.03,4287.08,4272.03,4287.08,0.650598,4287.08
2017-08-17 20:32:00,4287.08,4287.08,4287.08,4287.08,0.085157,4287.08
2017-08-17 20:33:00,4287.08,4302.96,4287.08,4302.96,0.552043,4302.96
2017-08-17 20:34:00,4302.96,4302.96,4302.96,4302.96,0.042023,4302.96
2017-08-17 20:35:00,4302.96,4302.96,4302.96,4302.96,0.05274,4302.96
2017-08-17 20:36:00,4302.96,4302.96,4302.96,4302.96,0.585532,4302.96
2017-08-17 20:37:00,4301.91,4301.91,4301.91,4301.91,0.445848,4301.91
2017-08-17 20:38:00,4301.91,4301.91,4301.91,4301.91,0.372403,4301.91
2017-08-17 20:39:00,4301.91,4303.18,4262.53,4303.18,1.161897,4303.18
